[
    {
        "model": "MentorMentee.login",
        "pk": 1,
        "fields": {
            "username": "admin",
            "password": "admin",
            "userType": "admin"
        }
    },
    {
        "model": "MentorMentee.login",
        "pk": 2,
        "fields": {
            "username": "Diljith",
            "password": "diljith",
            "userType": "faculty"
        }
    },
    {
        "model": "MentorMentee.login",
        "pk": 3,
        "fields": {
            "username": "Jaya",
            "password": "jaya",
            "userType": "faculty"
        }
    },
    {
        "model": "MentorMentee.login",
        "pk": 4,
        "fields": {
            "username": "Ann",
            "password": "ann",
            "userType": "faculty"
        }
    },
    {
        "model": "MentorMentee.login",
        "pk": 5,
        "fields": {
            "username": "Sunu",
            "password": "sunu",
            "userType": "faculty"
        }
    },
    {
        "model": "MentorMentee.login",
        "pk": 6,
        "fields": {
            "username": "Shiju",
            "password": "shiju",
            "userType": "faculty"
        }
    },
    {
        "model": "MentorMentee.login",
        "pk": 7,
        "fields": {
            "username": "Sabeen",
            "password": "sabeen",
            "userType": "faculty"
        }
    },
    {
        "model": "MentorMentee.login",
        "pk": 8,
        "fields": {
            "username": "Keerthy",
            "password": "keerthy",
            "userType": "faculty"
        }
    },
    {
        "model": "MentorMentee.login",
        "pk": 9,
        "fields": {
            "username": "Neethu",
            "password": "neethu",
            "userType": "faculty"
        }
    },
    {
        "model": "MentorMentee.login",
        "pk": 10,
        "fields": {
            "username": "Priyanka",
            "password": "priyanka",
            "userType": "faculty"
        }
    },
    {
        "model": "MentorMentee.login",
        "pk": 11,
        "fields": {
            "username": "Ann Rija",
            "password": "ann rija",
            "userType": "faculty"
        }
    },
    {
        "model": "MentorMentee.login",
        "pk": 12,
        "fields": {
            "username": "Shoby",
            "password": "shoby",
            "userType": "faculty"
        }
    },
    {
        "model": "MentorMentee.login",
        "pk": 13,
        "fields": {
            "username": "Sunu Fathima",
            "password": "sunu fathima",
            "userType": "faculty"
        }
    },
    {
        "model": "MentorMentee.login",
        "pk": 15,
        "fields": {
            "username": "HOD",
            "password": "hod",
            "userType": "hod"
        }
    },
    {
        "model": "MentorMentee.login",
        "pk": 20,
        "fields": {
            "username": "MCA2516",
            "password": "1234",
            "userType": "student"
        }
    },
    {
        "model": "MentorMentee.login",
        "pk": 21,
        "fields": {
            "username": "MCA2616",
            "password": "1234",
            "userType": "student"
        }
    },
    {
        "model": "MentorMentee.login",
        "pk": 22,
        "fields": {
            "username": "mca2600",
            "password": "1234",
            "userType": "student"
        }
    },
    {
        "model": "MentorMentee.login",
        "pk": 23,
        "fields": {
            "username": "mca2571",
            "password": "17122004",
            "userType": "student"
        }
    },
    {
        "model": "MentorMentee.login",
        "pk": 24,
        "fields": {
            "username": "MCA2637",
            "password": "1234",
            "userType": "student"
        }
    },
    {
        "model": "MentorMentee.department",
        "pk": 1,
        "fields": {
            "name": "Computer Science",
            "code": "CS",
            "hod_name": "Dr. Bindhya M Varghese",
            "email": "cs@rajagiri.edu",
            "created_at": "2025-11-26T01:06:22Z"
        }
    },
    {
        "model": "MentorMentee.department",
        "pk": 2,
        "fields": {
            "name": "Commerce",
            "code": "CM",
            "hod_name": "Dr. Name",
            "email": "name@rajagiri.edu",
            "created_at": "2025-11-26T14:10:04Z"
        }
    },
    {
        "model": "MentorMentee.courses",
        "pk": 1,
        "fields": {
            "course_name": "MCA",
            "department": 1
        }
    },
    {
        "model": "MentorMentee.courses",
        "pk": 2,
        "fields": {
            "course_name": "Msc. CS (DA)",
            "department": 1
        }
    },
    {
        "model": "MentorMentee.batches",
        "pk": 1,
        "fields": {
            "batch_name": "MCA 25-27",
            "course": 1,
            "batch_mail": "mca2516@rajagiri.edu"
        }
    },
    {
        "model": "MentorMentee.batches",
        "pk": 2,
        "fields": {
            "batch_name": "MSC CS 25-27",
            "course": 2,
            "batch_mail": "msccs2025@rajagiri.edu"
        }
    },
    {
        "model": "MentorMentee.batches",
        "pk": 3,
        "fields": {
            "batch_name": "MCA 26-27",
            "course": 1,
            "batch_mail": "mca2026@rajagiri.edu"
        }
    },
    {
        "model": "MentorMentee.admin",
        "pk": 1,
        "fields": {
            "login": 1,
            "name": "Ms. Priyanka",
            "email": "priyanka@rajagiri.edu",
            "department": 1,
            "created_at": "2025-11-26T01:05:18Z",
            "admin_image": "priyanka.jpg"
        }
    },
    {
        "model": "MentorMentee.faculty",
        "pk": 1,
        "fields": {
            "login": 2,
            "name": "Mr. Diljith K Benny",
            "email": "diljith@rajagiri.edu",
            "phone": "None",
            "department": 1,
            "designation": "Assistant Professor",
            "faculty_image": "diljith_SGuSBiA.jpg",
            "is_hod": false,
            "is_admin": false
        }
    },
    {
        "model": "MentorMentee.faculty",
        "pk": 2,
        "fields": {
            "login": 3,
            "name": "Dr. Jaya Vijayan",
            "email": "jaya@rajagiri.edu",
            "phone": "None",
            "department": 1,
            "designation": "Assistant Professor",
            "faculty_image": "jaya.jpg",
            "is_hod": false,
            "is_admin": false
        }
    },
    {
        "model": "MentorMentee.faculty",
        "pk": 3,
        "fields": {
            "login": 4,
            "name": "Dr. Ann Baby",
            "email": "ann@rajagiri.edu",
            "phone": "None",
            "department": 1,
            "designation": "Assistant Professor",
            "faculty_image": "ann.jpg",
            "is_hod": false,
            "is_admin": false
        }
    },
    {
        "model": "MentorMentee.faculty",
        "pk": 4,
        "fields": {
            "login": 6,
            "name": "Dr. Shiju Thomas M Y",
            "email": "shiju@rajagiri.edu",
            "phone": "None",
            "department": 1,
            "designation": "Assistant Professor",
            "faculty_image": "shiju.jpg",
            "is_hod": false,
            "is_admin": false
        }
    },
    {
        "model": "MentorMentee.faculty",
        "pk": 5,
        "fields": {
            "login": 7,
            "name": "Dr. Sabeen Govind",
            "email": "sabeen@rajagiri.edu",
            "phone": "None",
            "department": 1,
            "designation": "Assistant Professor",
            "faculty_image": "sabeen.jpg",
            "is_hod": false,
            "is_admin": false
        }
    },
    {
        "model": "MentorMentee.faculty",
        "pk": 6,
        "fields": {
            "login": 8,
            "name": "Dr. Keerthy A S",
            "email": "keerthy@rajagiri.edu",
            "phone": "None",
            "department": 1,
            "designation": "Assistant Professor",
            "faculty_image": "keerthi.jpg",
            "is_hod": false,
            "is_admin": false
        }
    },
    {
        "model": "MentorMentee.faculty",
        "pk": 7,
        "fields": {
            "login": 9,
            "name": "Ms. Neethu Narayanan",
            "email": "neethu@rajagiri.edu",
            "phone": "None",
            "department": 1,
            "designation": "Assistant Professor",
            "faculty_image": "neethu.jpg",
            "is_hod": false,
            "is_admin": false
        }
    },
    {
        "model": "MentorMentee.faculty",
        "pk": 8,
        "fields": {
            "login": 10,
            "name": "Ms. Priyanka E Thambi",
            "email": "priyanka@rajagiri.edu",
            "phone": "None",
            "department": 1,
            "designation": "Assistant Professor",
            "faculty_image": "priyanka_XBHBRyc.jpg",
            "is_hod": false,
            "is_admin": true
        }
    },
    {
        "model": "MentorMentee.faculty",
        "pk": 9,
        "fields": {
            "login": 11,
            "name": "Ms. Ann Rija",
            "email": "annrija@rajagiri.edu",
            "phone": "None",
            "department": 1,
            "designation": "Assistant Professor",
            "faculty_image": "ann-reeja.jpg",
            "is_hod": false,
            "is_admin": false
        }
    },
    {
        "model": "MentorMentee.faculty",
        "pk": 10,
        "fields": {
            "login": 12,
            "name": "Dr. Shoby Sunny",
            "email": "shoby@rajagiri.edu",
            "phone": "None",
            "department": 1,
            "designation": "Assistant Professor",
            "faculty_image": "shoby.jpg",
            "is_hod": false,
            "is_admin": false
        }
    },
    {
        "model": "MentorMentee.faculty",
        "pk": 11,
        "fields": {
            "login": 13,
            "name": "Ms. Sunu Fathima",
            "email": "sunufathima@rajagiri.edu",
            "phone": "None",
            "department": 1,
            "designation": "Assistant Professor",
            "faculty_image": "sunu-fathima.jpg",
            "is_hod": false,
            "is_admin": false
        }
    },
    {
        "model": "MentorMentee.faculty",
        "pk": 12,
        "fields": {
            "login": 5,
            "name": "Ms. Sunu Mary Abraham",
            "email": "sunu@rajagiri.edu",
            "phone": "None",
            "department": 1,
            "designation": "Assistant Professor",
            "faculty_image": "sunu-abraham.jpg",
            "is_hod": false,
            "is_admin": false
        }
    },
    {
        "model": "MentorMentee.faculty",
        "pk": 13,
        "fields": {
            "login": 16,
            "name": "Dr.Bindiya M Varghese",
            "email": "bindiya@rajagiri.edu",
            "phone": null,
            "department": 1,
            "designation": "Dean",
            "faculty_image": "bindhya.jpg",
            "is_hod": true,
            "is_admin": false
        }
    },
    {
        "model": "MentorMentee.student",
        "pk": 1,
        "fields": {
            "login": null,
            "name": "ABHINAV B PRASAD",
            "email": "mca2501@rajagiri.edu",
            "reg_no": "MCA2501",
            "phone": null,
            "department": 1,
            "student_image": "",
            "course": 1,
            "batch": 1,
            "year": 1,
            "faculty": 2,
            "dob": null,
            "application_form": "",
            "assessment_file": ""
        }
    },
    {
        "model": "MentorMentee.student",
        "pk": 2,
        "fields": {
            "login": null,
            "name": "ABHINAV MARTIN MATHEW",
            "email": "mca2502@rajagiri.edu",
            "reg_no": "MCA2502",
            "phone": null,
            "department": 1,
            "student_image": "",
            "course": 1,
            "batch": 1,
            "year": 1,
            "faculty": 11,
            "dob": null,
            "application_form": "",
            "assessment_file": ""
        }
    },
    {
        "model": "MentorMentee.student",
        "pk": 3,
        "fields": {
            "login": null,
            "name": "AFWANA P NAZER",
            "email": "mca2503@rajagiri.edu",
            "reg_no": "MCA2503",
            "phone": null,
            "department": 1,
            "student_image": "",
            "course": 1,
            "batch": 1,
            "year": 1,
            "faculty": 7,
            "dob": null,
            "application_form": "",
            "assessment_file": ""
        }
    },
    {
        "model": "MentorMentee.student",
        "pk": 4,
        "fields": {
            "login": null,
            "name": "AKASH SABU",
            "email": "mca2504@rajagiri.edu",
            "reg_no": "MCA2504",
            "phone": null,
            "department": 1,
            "student_image": "",
            "course": 1,
            "batch": 1,
            "year": 1,
            "faculty": 2,
            "dob": null,
            "application_form": "",
            "assessment_file": ""
        }
    },
    {
        "model": "MentorMentee.student",
        "pk": 5,
        "fields": {
            "login": null,
            "name": "AKSHAY SHIBU",
            "email": "mca2505@rajagiri.edu",
            "reg_no": "MCA2505",
            "phone": null,
            "department": 1,
            "student_image": "",
            "course": 1,
            "batch": 1,
            "year": 1,
            "faculty": 12,
            "dob": null,
            "application_form": "",
            "assessment_file": ""
        }
    },
    {
        "model": "MentorMentee.student",
        "pk": 6,
        "fields": {
            "login": null,
            "name": "ALAN SHAJI",
            "email": "mca2506@rajagiri.edu",
            "reg_no": "MCA2506",
            "phone": null,
            "department": 1,
            "student_image": "",
            "course": 1,
            "batch": 1,
            "year": 1,
            "faculty": 9,
            "dob": null,
            "application_form": "",
            "assessment_file": ""
        }
    },
    {
        "model": "MentorMentee.student",
        "pk": 7,
        "fields": {
            "login": null,
            "name": "ALBERT C S",
            "email": "mca2507@rajagiri.edu",
            "reg_no": "MCA2507",
            "phone": null,
            "department": 1,
            "student_image": "",
            "course": 1,
            "batch": 1,
            "year": 1,
            "faculty": 7,
            "dob": null,
            "application_form": "",
            "assessment_file": ""
        }
    },
    {
        "model": "MentorMentee.student",
        "pk": 8,
        "fields": {
            "login": null,
            "name": "ALBIN MAMMEN MATHEW",
            "email": "mca2508@rajagiri.edu",
            "reg_no": "MCA2508",
            "phone": null,
            "department": 1,
            "student_image": "",
            "course": 1,
            "batch": 1,
            "year": 1,
            "faculty": 1,
            "dob": null,
            "application_form": "",
            "assessment_file": ""
        }
    },
    {
        "model": "MentorMentee.student",
        "pk": 9,
        "fields": {
            "login": null,
            "name": "AMINA MUHAMMED",
            "email": "mca2509@rajagiri.edu",
            "reg_no": "MCA2509",
            "phone": null,
            "department": 1,
            "student_image": "",
            "course": 1,
            "batch": 1,
            "year": 1,
            "faculty": 10,
            "dob": null,
            "application_form": "",
            "assessment_file": ""
        }
    },
    {
        "model": "MentorMentee.student",
        "pk": 10,
        "fields": {
            "login": null,
            "name": "ANANDHU KRISHNA B",
            "email": "mca2510@rajagiri.edu",
            "reg_no": "MCA2510",
            "phone": null,
            "department": 1,
            "student_image": "",
            "course": 1,
            "batch": 1,
            "year": 1,
            "faculty": 6,
            "dob": null,
            "application_form": "",
            "assessment_file": ""
        }
    },
    {
        "model": "MentorMentee.student",
        "pk": 11,
        "fields": {
            "login": null,
            "name": "ANASWARA PRASOBH",
            "email": "mca2511@rajagiri.edu",
            "reg_no": "MCA2511",
            "phone": null,
            "department": 1,
            "student_image": "",
            "course": 1,
            "batch": 1,
            "year": 1,
            "faculty": 9,
            "dob": null,
            "application_form": "",
            "assessment_file": ""
        }
    },
    {
        "model": "MentorMentee.student",
        "pk": 12,
        "fields": {
            "login": null,
            "name": "ANN JO MATHEW",
            "email": "mca2512@rajagiri.edu",
            "reg_no": "MCA2512",
            "phone": null,
            "department": 1,
            "student_image": "",
            "course": 1,
            "batch": 1,
            "year": 1,
            "faculty": 5,
            "dob": null,
            "application_form": "",
            "assessment_file": ""
        }
    },
    {
        "model": "MentorMentee.student",
        "pk": 13,
        "fields": {
            "login": null,
            "name": "ANN TREESA JIJO",
            "email": "mca2513@rajagiri.edu",
            "reg_no": "MCA2513",
            "phone": null,
            "department": 1,
            "student_image": "",
            "course": 1,
            "batch": 1,
            "year": 1,
            "faculty": 5,
            "dob": null,
            "application_form": "",
            "assessment_file": ""
        }
    },
    {
        "model": "MentorMentee.student",
        "pk": 14,
        "fields": {
            "login": null,
            "name": "ANTONY JOE",
            "email": "mca2514@rajagiri.edu",
            "reg_no": "MCA2514",
            "phone": null,
            "department": 1,
            "student_image": "",
            "course": 1,
            "batch": 1,
            "year": 1,
            "faculty": 9,
            "dob": null,
            "application_form": "",
            "assessment_file": ""
        }
    },
    {
        "model": "MentorMentee.student",
        "pk": 15,
        "fields": {
            "login": null,
            "name": "ANWIN JOJO",
            "email": "mca2515@rajagiri.edu",
            "reg_no": "MCA2515",
            "phone": null,
            "department": 1,
            "student_image": "",
            "course": 1,
            "batch": 1,
            "year": 1,
            "faculty": 4,
            "dob": null,
            "application_form": "",
            "assessment_file": ""
        }
    },
    {
        "model": "MentorMentee.student",
        "pk": 16,
        "fields": {
            "login": null,
            "name": "ASHBI SAJU",
            "email": "mca2516@rajagiri.edu",
            "reg_no": "MCA2516",
            "phone": null,
            "department": 1,
            "student_image": "",
            "course": 1,
            "batch": 1,
            "year": 1,
            "faculty": 8,
            "dob": null,
            "application_form": "",
            "assessment_file": ""
        }
    },
    {
        "model": "MentorMentee.student",
        "pk": 17,
        "fields": {
            "login": null,
            "name": "ATHIRA BINU",
            "email": "mca2517@rajagiri.edu",
            "reg_no": "MCA2517",
            "phone": null,
            "department": 1,
            "student_image": "",
            "course": 1,
            "batch": 1,
            "year": 1,
            "faculty": 4,
            "dob": null,
            "application_form": "",
            "assessment_file": ""
        }
    },
    {
        "model": "MentorMentee.student",
        "pk": 18,
        "fields": {
            "login": null,
            "name": "BHADRA",
            "email": "mca2518@rajagiri.edu",
            "reg_no": "MCA2518",
            "phone": null,
            "department": 1,
            "student_image": "",
            "course": 1,
            "batch": 1,
            "year": 1,
            "faculty": 10,
            "dob": null,
            "application_form": "",
            "assessment_file": ""
        }
    },
    {
        "model": "MentorMentee.student",
        "pk": 19,
        "fields": {
            "login": null,
            "name": "CHARLES SHAJU",
            "email": "mca2519@rajagiri.edu",
            "reg_no": "MCA2519",
            "phone": null,
            "department": 1,
            "student_image": "",
            "course": 1,
            "batch": 1,
            "year": 1,
            "faculty": 3,
            "dob": null,
            "application_form": "",
            "assessment_file": ""
        }
    },
    {
        "model": "MentorMentee.student",
        "pk": 20,
        "fields": {
            "login": null,
            "name": "DAYA MATHEW",
            "email": "mca2520@rajagiri.edu",
            "reg_no": "MCA2520",
            "phone": null,
            "department": 1,
            "student_image": "",
            "course": 1,
            "batch": 1,
            "year": 1,
            "faculty": 10,
            "dob": null,
            "application_form": "",
            "assessment_file": ""
        }
    },
    {
        "model": "MentorMentee.student",
        "pk": 21,
        "fields": {
            "login": null,
            "name": "DEVIKA B MENON",
            "email": "mca2521@rajagiri.edu",
            "reg_no": "MCA2521",
            "phone": null,
            "department": 1,
            "student_image": "",
            "course": 1,
            "batch": 1,
            "year": 1,
            "faculty": 4,
            "dob": null,
            "application_form": "",
            "assessment_file": ""
        }
    },
    {
        "model": "MentorMentee.student",
        "pk": 22,
        "fields": {
            "login": null,
            "name": "DEVNA J",
            "email": "mca2522@rajagiri.edu",
            "reg_no": "MCA2522",
            "phone": null,
            "department": 1,
            "student_image": "",
            "course": 1,
            "batch": 1,
            "year": 1,
            "faculty": 3,
            "dob": null,
            "application_form": "",
            "assessment_file": ""
        }
    },
    {
        "model": "MentorMentee.student",
        "pk": 23,
        "fields": {
            "login": null,
            "name": "DION SIJI KURIAKOSE",
            "email": "mca2523@rajagiri.edu",
            "reg_no": "MCA2523",
            "phone": null,
            "department": 1,
            "student_image": "",
            "course": 1,
            "batch": 1,
            "year": 1,
            "faculty": 5,
            "dob": null,
            "application_form": "",
            "assessment_file": ""
        }
    },
    {
        "model": "MentorMentee.student",
        "pk": 24,
        "fields": {
            "login": null,
            "name": "DIYA MARY GEORGE",
            "email": "mca2524@rajagiri.edu",
            "reg_no": "MCA2524",
            "phone": null,
            "department": 1,
            "student_image": "",
            "course": 1,
            "batch": 1,
            "year": 1,
            "faculty": 8,
            "dob": null,
            "application_form": "",
            "assessment_file": ""
        }
    },
    {
        "model": "MentorMentee.student",
        "pk": 25,
        "fields": {
            "login": null,
            "name": "EBIN LOUIS",
            "email": "mca2525@rajagiri.edu",
            "reg_no": "MCA2525",
            "phone": null,
            "department": 1,
            "student_image": "",
            "course": 1,
            "batch": 1,
            "year": 1,
            "faculty": 8,
            "dob": null,
            "application_form": "",
            "assessment_file": ""
        }
    },
    {
        "model": "MentorMentee.student",
        "pk": 26,
        "fields": {
            "login": null,
            "name": "FARSAN SUNEER",
            "email": "mca2526@rajagiri.edu",
            "reg_no": "MCA2526",
            "phone": null,
            "department": 1,
            "student_image": "",
            "course": 1,
            "batch": 1,
            "year": 1,
            "faculty": 3,
            "dob": null,
            "application_form": "",
            "assessment_file": ""
        }
    },
    {
        "model": "MentorMentee.student",
        "pk": 27,
        "fields": {
            "login": null,
            "name": "FEBIN SUNNY",
            "email": "mca2527@rajagiri.edu",
            "reg_no": "MCA2527",
            "phone": null,
            "department": 1,
            "student_image": "",
            "course": 1,
            "batch": 1,
            "year": 1,
            "faculty": 2,
            "dob": null,
            "application_form": "",
            "assessment_file": ""
        }
    },
    {
        "model": "MentorMentee.student",
        "pk": 28,
        "fields": {
            "login": null,
            "name": "FERCINENT THOMAS",
            "email": "mca2528@rajagiri.edu",
            "reg_no": "MCA2528",
            "phone": null,
            "department": 1,
            "student_image": "",
            "course": 1,
            "batch": 1,
            "year": 1,
            "faculty": 1,
            "dob": null,
            "application_form": "",
            "assessment_file": ""
        }
    },
    {
        "model": "MentorMentee.student",
        "pk": 29,
        "fields": {
            "login": null,
            "name": "GEETHIKA A",
            "email": "mca2529@rajagiri.edu",
            "reg_no": "MCA2529",
            "phone": null,
            "department": 1,
            "student_image": "",
            "course": 1,
            "batch": 1,
            "year": 1,
            "faculty": 7,
            "dob": null,
            "application_form": "",
            "assessment_file": ""
        }
    },
    {
        "model": "MentorMentee.student",
        "pk": 30,
        "fields": {
            "login": null,
            "name": "HAFIZ MUHAMMED P H",
            "email": "mca2530@rajagiri.edu",
            "reg_no": "MCA2530",
            "phone": null,
            "department": 1,
            "student_image": "",
            "course": 1,
            "batch": 1,
            "year": 1,
            "faculty": 11,
            "dob": null,
            "application_form": "",
            "assessment_file": ""
        }
    },
    {
        "model": "MentorMentee.student",
        "pk": 31,
        "fields": {
            "login": null,
            "name": "JASIN JOJI",
            "email": "mca2531@rajagiri.edu",
            "reg_no": "MCA2531",
            "phone": null,
            "department": 1,
            "student_image": "",
            "course": 1,
            "batch": 1,
            "year": 1,
            "faculty": 1,
            "dob": null,
            "application_form": "",
            "assessment_file": ""
        }
    },
    {
        "model": "MentorMentee.student",
        "pk": 32,
        "fields": {
            "login": null,
            "name": "JEES THOMAS CLEETUS",
            "email": "mca2532@rajagiri.edu",
            "reg_no": "MCA2532",
            "phone": null,
            "department": 1,
            "student_image": "",
            "course": 1,
            "batch": 1,
            "year": 1,
            "faculty": 6,
            "dob": null,
            "application_form": "",
            "assessment_file": ""
        }
    },
    {
        "model": "MentorMentee.student",
        "pk": 33,
        "fields": {
            "login": null,
            "name": "JIYO P V",
            "email": "mca2533@rajagiri.edu",
            "reg_no": "MCA2533",
            "phone": null,
            "department": 1,
            "student_image": "",
            "course": 1,
            "batch": 1,
            "year": 1,
            "faculty": 11,
            "dob": null,
            "application_form": "",
            "assessment_file": ""
        }
    },
    {
        "model": "MentorMentee.student",
        "pk": 34,
        "fields": {
            "login": null,
            "name": "JOSEPH PAUL",
            "email": "mca2534@rajagiri.edu",
            "reg_no": "MCA2534",
            "phone": null,
            "department": 1,
            "student_image": "",
            "course": 1,
            "batch": 1,
            "year": 1,
            "faculty": 8,
            "dob": null,
            "application_form": "",
            "assessment_file": ""
        }
    },
    {
        "model": "MentorMentee.student",
        "pk": 35,
        "fields": {
            "login": null,
            "name": "JUBIN JOY",
            "email": "mca2535@rajagiri.edu",
            "reg_no": "MCA2535",
            "phone": null,
            "department": 1,
            "student_image": "",
            "course": 1,
            "batch": 1,
            "year": 1,
            "faculty": 12,
            "dob": null,
            "application_form": "",
            "assessment_file": ""
        }
    },
    {
        "model": "MentorMentee.student",
        "pk": 36,
        "fields": {
            "login": null,
            "name": "K JOSHUA JOEL",
            "email": "mca2536@rajagiri.edu",
            "reg_no": "MCA2536",
            "phone": null,
            "department": 1,
            "student_image": "",
            "course": 1,
            "batch": 1,
            "year": 1,
            "faculty": 5,
            "dob": null,
            "application_form": "",
            "assessment_file": ""
        }
    },
    {
        "model": "MentorMentee.student",
        "pk": 37,
        "fields": {
            "login": null,
            "name": "KARTHIK KRISHNAN",
            "email": "mca2537@rajagiri.edu",
            "reg_no": "MCA2537",
            "phone": null,
            "department": 1,
            "student_image": "",
            "course": 1,
            "batch": 1,
            "year": 1,
            "faculty": 9,
            "dob": null,
            "application_form": "",
            "assessment_file": ""
        }
    },
    {
        "model": "MentorMentee.student",
        "pk": 38,
        "fields": {
            "login": null,
            "name": "KISHORE M",
            "email": "mca2538@rajagiri.edu",
            "reg_no": "MCA2538",
            "phone": null,
            "department": 1,
            "student_image": "",
            "course": 1,
            "batch": 1,
            "year": 1,
            "faculty": 11,
            "dob": null,
            "application_form": "",
            "assessment_file": ""
        }
    },
    {
        "model": "MentorMentee.student",
        "pk": 39,
        "fields": {
            "login": null,
            "name": "LENA MATHEW",
            "email": "mca2539@rajagiri.edu",
            "reg_no": "MCA2539",
            "phone": null,
            "department": 1,
            "student_image": "",
            "course": 1,
            "batch": 1,
            "year": 1,
            "faculty": 8,
            "dob": null,
            "application_form": "",
            "assessment_file": ""
        }
    },
    {
        "model": "MentorMentee.student",
        "pk": 40,
        "fields": {
            "login": null,
            "name": "M S VISMAYA",
            "email": "mca2540@rajagiri.edu",
            "reg_no": "MCA2540",
            "phone": null,
            "department": 1,
            "student_image": "",
            "course": 1,
            "batch": 1,
            "year": 1,
            "faculty": 9,
            "dob": null,
            "application_form": "",
            "assessment_file": ""
        }
    },
    {
        "model": "MentorMentee.student",
        "pk": 41,
        "fields": {
            "login": null,
            "name": "MAHADEVAN NAIR M P",
            "email": "mca2541@rajagiri.edu",
            "reg_no": "MCA2541",
            "phone": null,
            "department": 1,
            "student_image": "",
            "course": 1,
            "batch": 1,
            "year": 1,
            "faculty": 1,
            "dob": null,
            "application_form": "",
            "assessment_file": ""
        }
    },
    {
        "model": "MentorMentee.student",
        "pk": 42,
        "fields": {
            "login": null,
            "name": "MARIA JOSE",
            "email": "mca2542@rajagiri.edu",
            "reg_no": "MCA2542",
            "phone": null,
            "department": 1,
            "student_image": "",
            "course": 1,
            "batch": 1,
            "year": 1,
            "faculty": 12,
            "dob": null,
            "application_form": "",
            "assessment_file": ""
        }
    },
    {
        "model": "MentorMentee.student",
        "pk": 43,
        "fields": {
            "login": null,
            "name": "MEENADEVI RAVIKUMAR",
            "email": "mca2543@rajagiri.edu",
            "reg_no": "MCA2543",
            "phone": null,
            "department": 1,
            "student_image": "",
            "course": 1,
            "batch": 1,
            "year": 1,
            "faculty": 3,
            "dob": null,
            "application_form": "",
            "assessment_file": ""
        }
    },
    {
        "model": "MentorMentee.student",
        "pk": 44,
        "fields": {
            "login": null,
            "name": "MERLIN XAVIER",
            "email": "mca2544@rajagiri.edu",
            "reg_no": "MCA2544",
            "phone": null,
            "department": 1,
            "student_image": "",
            "course": 1,
            "batch": 1,
            "year": 1,
            "faculty": 12,
            "dob": null,
            "application_form": "",
            "assessment_file": ""
        }
    },
    {
        "model": "MentorMentee.student",
        "pk": 45,
        "fields": {
            "login": null,
            "name": "NANDHANA C S",
            "email": "mca2545@rajagiri.edu",
            "reg_no": "MCA2545",
            "phone": null,
            "department": 1,
            "student_image": "",
            "course": 1,
            "batch": 1,
            "year": 1,
            "faculty": 7,
            "dob": null,
            "application_form": "",
            "assessment_file": ""
        }
    },
    {
        "model": "MentorMentee.student",
        "pk": 46,
        "fields": {
            "login": null,
            "name": "NOVELIA JOSEPH",
            "email": "mca2546@rajagiri.edu",
            "reg_no": "MCA2546",
            "phone": null,
            "department": 1,
            "student_image": "",
            "course": 1,
            "batch": 1,
            "year": 1,
            "faculty": 4,
            "dob": null,
            "application_form": "",
            "assessment_file": ""
        }
    },
    {
        "model": "MentorMentee.student",
        "pk": 47,
        "fields": {
            "login": null,
            "name": "POOJA NAIR",
            "email": "mca254@rajagiri.edu",
            "reg_no": "MCA2547",
            "phone": null,
            "department": 1,
            "student_image": "",
            "course": 1,
            "batch": 1,
            "year": 1,
            "faculty": 5,
            "dob": null,
            "application_form": "",
            "assessment_file": ""
        }
    },
    {
        "model": "MentorMentee.student",
        "pk": 48,
        "fields": {
            "login": null,
            "name": "RENA ELZA VIJU",
            "email": "mca2547@rajagiri.edu",
            "reg_no": "MCA2548",
            "phone": null,
            "department": 1,
            "student_image": "",
            "course": 1,
            "batch": 1,
            "year": 1,
            "faculty": 12,
            "dob": null,
            "application_form": "",
            "assessment_file": ""
        }
    },
    {
        "model": "MentorMentee.student",
        "pk": 49,
        "fields": {
            "login": null,
            "name": "ROBERT JOY",
            "email": "mca2549@rajagiri.edu",
            "reg_no": "MCA2549",
            "phone": null,
            "department": 1,
            "student_image": "",
            "course": 1,
            "batch": 1,
            "year": 1,
            "faculty": 10,
            "dob": null,
            "application_form": "",
            "assessment_file": ""
        }
    },
    {
        "model": "MentorMentee.student",
        "pk": 50,
        "fields": {
            "login": null,
            "name": "ROSHA THANKACHAN",
            "email": "mca2550@rajagiri.edu",
            "reg_no": "MCA2550",
            "phone": null,
            "department": 1,
            "student_image": "",
            "course": 1,
            "batch": 1,
            "year": 1,
            "faculty": 6,
            "dob": null,
            "application_form": "",
            "assessment_file": ""
        }
    },
    {
        "model": "MentorMentee.student",
        "pk": 51,
        "fields": {
            "login": null,
            "name": "SAM JOSEPH",
            "email": "mca2551@rajagiri.edu",
            "reg_no": "MCA2551",
            "phone": null,
            "department": 1,
            "student_image": "",
            "course": 1,
            "batch": 1,
            "year": 1,
            "faculty": 10,
            "dob": null,
            "application_form": "",
            "assessment_file": ""
        }
    },
    {
        "model": "MentorMentee.student",
        "pk": 52,
        "fields": {
            "login": null,
            "name": "SANDRA B",
            "email": "mca2552@rajagiri.edu",
            "reg_no": "MCA2552",
            "phone": null,
            "department": 1,
            "student_image": "",
            "course": 1,
            "batch": 1,
            "year": 1,
            "faculty": 6,
            "dob": null,
            "application_form": "",
            "assessment_file": ""
        }
    },
    {
        "model": "MentorMentee.student",
        "pk": 53,
        "fields": {
            "login": null,
            "name": "SHARVIN VINCENT",
            "email": "mca2553@rajagiri.edu",
            "reg_no": "MCA2553",
            "phone": null,
            "department": 1,
            "student_image": "",
            "course": 1,
            "batch": 1,
            "year": 1,
            "faculty": 2,
            "dob": null,
            "application_form": "",
            "assessment_file": ""
        }
    },
    {
        "model": "MentorMentee.student",
        "pk": 54,
        "fields": {
            "login": null,
            "name": "SHYAM JAMES",
            "email": "mca2554@rajagiri.edu",
            "reg_no": "MCA2554",
            "phone": null,
            "department": 1,
            "student_image": "",
            "course": 1,
            "batch": 1,
            "year": 1,
            "faculty": 6,
            "dob": null,
            "application_form": "",
            "assessment_file": ""
        }
    },
    {
        "model": "MentorMentee.student",
        "pk": 55,
        "fields": {
            "login": null,
            "name": "SIDDHARTH M V",
            "email": "mca2555@rajagiri.edu",
            "reg_no": "MCA2555",
            "phone": null,
            "department": 1,
            "student_image": "",
            "course": 1,
            "batch": 1,
            "year": 1,
            "faculty": 1,
            "dob": null,
            "application_form": "",
            "assessment_file": ""
        }
    },
    {
        "model": "MentorMentee.student",
        "pk": 56,
        "fields": {
            "login": null,
            "name": "SREERAJ SREEKUMAR",
            "email": "mca2556@rajagiri.edu",
            "reg_no": "MCA2556",
            "phone": null,
            "department": 1,
            "student_image": "",
            "course": 1,
            "batch": 1,
            "year": 1,
            "faculty": 2,
            "dob": null,
            "application_form": "",
            "assessment_file": ""
        }
    },
    {
        "model": "MentorMentee.student",
        "pk": 57,
        "fields": {
            "login": null,
            "name": "TOM GEO",
            "email": "mca2557@rajagiri.edu",
            "reg_no": "MCA2557",
            "phone": null,
            "department": 1,
            "student_image": "",
            "course": 1,
            "batch": 1,
            "year": 1,
            "faculty": 8,
            "dob": null,
            "application_form": "",
            "assessment_file": ""
        }
    },
    {
        "model": "MentorMentee.student",
        "pk": 58,
        "fields": {
            "login": null,
            "name": "TREESA JOSE",
            "email": "mca2558@rajagiri.edu",
            "reg_no": "MCA2558",
            "phone": null,
            "department": 1,
            "student_image": "",
            "course": 1,
            "batch": 1,
            "year": 1,
            "faculty": 11,
            "dob": null,
            "application_form": "",
            "assessment_file": ""
        }
    },
    {
        "model": "MentorMentee.student",
        "pk": 59,
        "fields": {
            "login": null,
            "name": "VISWAS B KURIAN",
            "email": "mca2559@rajagiri.edu",
            "reg_no": "MCA2559",
            "phone": null,
            "department": 1,
            "student_image": "",
            "course": 1,
            "batch": 1,
            "year": 1,
            "faculty": 4,
            "dob": null,
            "application_form": "",
            "assessment_file": ""
        }
    },
    {
        "model": "MentorMentee.student",
        "pk": 60,
        "fields": {
            "login": null,
            "name": "YAHWIN LUKOSE",
            "email": "mca2560@rajagiri.edu",
            "reg_no": "MCA2560",
            "phone": null,
            "department": 1,
            "student_image": "",
            "course": 1,
            "batch": 1,
            "year": 1,
            "faculty": 7,
            "dob": null,
            "application_form": "",
            "assessment_file": ""
        }
    },
    {
        "model": "MentorMentee.student",
        "pk": 61,
        "fields": {
            "login": null,
            "name": "AARATHI SANKAR",
            "email": "csda251@rajagiri.edu",
            "reg_no": "CSDA251",
            "phone": null,
            "department": 1,
            "student_image": "",
            "course": 2,
            "batch": 2,
            "year": 1,
            "faculty": 11,
            "dob": null,
            "application_form": "",
            "assessment_file": ""
        }
    },
    {
        "model": "MentorMentee.student",
        "pk": 62,
        "fields": {
            "login": null,
            "name": "ABINA JALEEL",
            "email": "csda252@rajagiri.edu",
            "reg_no": "CSDA252",
            "phone": null,
            "department": 1,
            "student_image": "",
            "course": 2,
            "batch": 2,
            "year": 1,
            "faculty": 11,
            "dob": null,
            "application_form": "",
            "assessment_file": ""
        }
    },
    {
        "model": "MentorMentee.student",
        "pk": 63,
        "fields": {
            "login": 21,
            "name": "Ashbi",
            "email": "mca2516@rajagiri.edu",
            "reg_no": "MCA2616",
            "phone": "9374639384",
            "department": 1,
            "student_image": "ashbiii2_xJtTqE3.jpg",
            "course": 1,
            "batch": 1,
            "year": 1,
            "faculty": 8,
            "dob": "2004-04-14",
            "application_form": "Rajagiri_admission_application_rKfZuC7.pdf",
            "assessment_file": ""
        }
    },
    {
        "model": "MentorMentee.student",
        "pk": 64,
        "fields": {
            "login": 22,
            "name": "samplename",
            "email": "mca2600@rajagiri.edu",
            "reg_no": "mca2600",
            "phone": "1234567890",
            "department": 1,
            "student_image": "IMG_20251215_220443.jpg",
            "course": 1,
            "batch": 3,
            "year": 1,
            "faculty": null,
            "dob": "2004-12-14",
            "application_form": "application_forms/38_Kishore_M.pdf",
            "assessment_file": ""
        }
    },
    {
        "model": "MentorMentee.student",
        "pk": 65,
        "fields": {
            "login": null,
            "name": "Jose",
            "email": "mca2565@rajagiri.edu",
            "reg_no": "mca2570",
            "phone": "6958763219",
            "department": 1,
            "student_image": "WhatsApp Image 2025-12-11 at 12_d03K58P.57.31_1989e37c.jpg",
            "course": 1,
            "batch": 1,
            "year": 1,
            "faculty": null,
            "dob": "2004-07-07",
            "application_form": "",
            "assessment_file": ""
        }
    },
    {
        "model": "MentorMentee.student",
        "pk": 66,
        "fields": {
            "login": 23,
            "name": "Keerikkadan",
            "email": "mca2571@rajagiri.edu",
            "reg_no": "mca2571",
            "phone": "6958763219",
            "department": 1,
            "student_image": "cat.jpg",
            "course": 1,
            "batch": 3,
            "year": 1,
            "faculty": 8,
            "dob": "2004-12-17",
            "application_form": "",
            "assessment_file": ""
        }
    },
    {
        "model": "MentorMentee.student",
        "pk": 67,
        "fields": {
            "login": null,
            "name": "ANNA M PAUL",
            "email": "csda257@rajagiri.edu",
            "reg_no": "CSDA257",
            "phone": null,
            "department": 1,
            "student_image": "",
            "course": 2,
            "batch": 2,
            "year": 1,
            "faculty": 10,
            "dob": null,
            "application_form": "",
            "assessment_file": ""
        }
    },
    {
        "model": "MentorMentee.student",
        "pk": 68,
        "fields": {
            "login": null,
            "name": "ASWIN ARUNKUMAR A",
            "email": "csda258@rajagiri.edu",
            "reg_no": "CSDA258",
            "phone": null,
            "department": 1,
            "student_image": "",
            "course": 2,
            "batch": 2,
            "year": 1,
            "faculty": 9,
            "dob": null,
            "application_form": "",
            "assessment_file": ""
        }
    },
    {
        "model": "MentorMentee.student",
        "pk": 69,
        "fields": {
            "login": null,
            "name": "AISWARYA VALSALAN KK",
            "email": "csda259@rajagiri.edu",
            "reg_no": "CSDA259",
            "phone": null,
            "department": 1,
            "student_image": "",
            "course": 2,
            "batch": 2,
            "year": 1,
            "faculty": 12,
            "dob": null,
            "application_form": "",
            "assessment_file": ""
        }
    },
    {
        "model": "MentorMentee.student",
        "pk": 70,
        "fields": {
            "login": null,
            "name": "DILNA BIJU",
            "email": "csda2510@rajagiri.edu",
            "reg_no": "CSDA2510",
            "phone": null,
            "department": 1,
            "student_image": "",
            "course": 2,
            "batch": 2,
            "year": 1,
            "faculty": 5,
            "dob": null,
            "application_form": "",
            "assessment_file": ""
        }
    },
    {
        "model": "MentorMentee.student",
        "pk": 71,
        "fields": {
            "login": null,
            "name": "HALEEMA FAHMA M C",
            "email": "csda2511@rajagiri.edu",
            "reg_no": "CSDA2511",
            "phone": null,
            "department": 1,
            "student_image": "",
            "course": 2,
            "batch": 2,
            "year": 1,
            "faculty": 7,
            "dob": null,
            "application_form": "",
            "assessment_file": ""
        }
    },
    {
        "model": "MentorMentee.student",
        "pk": 72,
        "fields": {
            "login": null,
            "name": "HANAAN MARIYAM S",
            "email": "csda2512@rajagiri.edu",
            "reg_no": "CSDA2512",
            "phone": null,
            "department": 1,
            "student_image": "",
            "course": 2,
            "batch": 2,
            "year": 1,
            "faculty": 2,
            "dob": null,
            "application_form": "",
            "assessment_file": ""
        }
    },
    {
        "model": "MentorMentee.student",
        "pk": 73,
        "fields": {
            "login": null,
            "name": "JAYASREE A B",
            "email": "csda2513@rajagiri.edu",
            "reg_no": "CSDA2513",
            "phone": null,
            "department": 1,
            "student_image": "",
            "course": 2,
            "batch": 2,
            "year": 1,
            "faculty": 1,
            "dob": null,
            "application_form": "",
            "assessment_file": ""
        }
    },
    {
        "model": "MentorMentee.student",
        "pk": 74,
        "fields": {
            "login": null,
            "name": "JEFIN JOBI",
            "email": "csda2514@rajagiri.edu",
            "reg_no": "CSDA2514",
            "phone": null,
            "department": 1,
            "student_image": "",
            "course": 2,
            "batch": 2,
            "year": 1,
            "faculty": 10,
            "dob": null,
            "application_form": "",
            "assessment_file": ""
        }
    },
    {
        "model": "MentorMentee.student",
        "pk": 75,
        "fields": {
            "login": null,
            "name": "JESNA JACOB",
            "email": "csda2515@rajagiri.edu",
            "reg_no": "CSDA2515",
            "phone": null,
            "department": 1,
            "student_image": "",
            "course": 2,
            "batch": 2,
            "year": 1,
            "faculty": 4,
            "dob": null,
            "application_form": "",
            "assessment_file": ""
        }
    },
    {
        "model": "MentorMentee.student",
        "pk": 76,
        "fields": {
            "login": null,
            "name": "K GOPIKA VIKAS",
            "email": "csda2516@rajagiri.edu",
            "reg_no": "CSDA2516",
            "phone": null,
            "department": 1,
            "student_image": "",
            "course": 2,
            "batch": 2,
            "year": 1,
            "faculty": 4,
            "dob": null,
            "application_form": "",
            "assessment_file": ""
        }
    },
    {
        "model": "MentorMentee.student",
        "pk": 77,
        "fields": {
            "login": null,
            "name": "MEHROOFA C P",
            "email": "csda2517@rajagiri.edu",
            "reg_no": "CSDA2517",
            "phone": null,
            "department": 1,
            "student_image": "",
            "course": 2,
            "batch": 2,
            "year": 1,
            "faculty": null,
            "dob": null,
            "application_form": "",
            "assessment_file": ""
        }
    },
    {
        "model": "MentorMentee.student",
        "pk": 78,
        "fields": {
            "login": null,
            "name": "NEHA ROSE BIJU",
            "email": "csda2518@rajagiri.edu",
            "reg_no": "CSDA2518",
            "phone": null,
            "department": 1,
            "student_image": "",
            "course": 2,
            "batch": 2,
            "year": 1,
            "faculty": 3,
            "dob": null,
            "application_form": "",
            "assessment_file": ""
        }
    },
    {
        "model": "MentorMentee.student",
        "pk": 79,
        "fields": {
            "login": null,
            "name": "NANDA ANIL KUMAR",
            "email": "csda2519@rajagiri.edu",
            "reg_no": "CSDA2519",
            "phone": null,
            "department": 1,
            "student_image": "",
            "course": 2,
            "batch": 2,
            "year": 1,
            "faculty": 6,
            "dob": null,
            "application_form": "",
            "assessment_file": ""
        }
    },
    {
        "model": "MentorMentee.student",
        "pk": 80,
        "fields": {
            "login": null,
            "name": "NANDANA . M",
            "email": "csda2520@rajagiri.edu",
            "reg_no": "CSDA2520",
            "phone": null,
            "department": 1,
            "student_image": "",
            "course": 2,
            "batch": 2,
            "year": 1,
            "faculty": 3,
            "dob": null,
            "application_form": "",
            "assessment_file": ""
        }
    },
    {
        "model": "MentorMentee.student",
        "pk": 81,
        "fields": {
            "login": null,
            "name": "NIKHIL KRISHNA R D",
            "email": "csda2521@rajagiri.edu",
            "reg_no": "CSDA2521",
            "phone": null,
            "department": 1,
            "student_image": "",
            "course": 2,
            "batch": 2,
            "year": 1,
            "faculty": 9,
            "dob": null,
            "application_form": "",
            "assessment_file": ""
        }
    },
    {
        "model": "MentorMentee.student",
        "pk": 82,
        "fields": {
            "login": null,
            "name": "PRITHVIN P",
            "email": "csda2522@rajagiri.edu",
            "reg_no": "CSDA2522",
            "phone": null,
            "department": 1,
            "student_image": "",
            "course": 2,
            "batch": 2,
            "year": 1,
            "faculty": null,
            "dob": null,
            "application_form": "",
            "assessment_file": ""
        }
    },
    {
        "model": "MentorMentee.student",
        "pk": 83,
        "fields": {
            "login": null,
            "name": "RAGENDHU R",
            "email": "csda2523@rajagiri.edu",
            "reg_no": "CSDA2523",
            "phone": null,
            "department": 1,
            "student_image": "",
            "course": 2,
            "batch": 2,
            "year": 1,
            "faculty": 7,
            "dob": null,
            "application_form": "",
            "assessment_file": ""
        }
    },
    {
        "model": "MentorMentee.student",
        "pk": 84,
        "fields": {
            "login": null,
            "name": "RICHARD ROY",
            "email": "csda2524@rajagiri.edu",
            "reg_no": "CSDA2524",
            "phone": null,
            "department": 1,
            "student_image": "",
            "course": 2,
            "batch": 2,
            "year": 1,
            "faculty": 7,
            "dob": null,
            "application_form": "",
            "assessment_file": ""
        }
    },
    {
        "model": "MentorMentee.student",
        "pk": 85,
        "fields": {
            "login": null,
            "name": "ROSE MARIA JOSE",
            "email": "csda2525@rajagiri.edu",
            "reg_no": "CSDA2525",
            "phone": null,
            "department": 1,
            "student_image": "",
            "course": 2,
            "batch": 2,
            "year": 1,
            "faculty": 6,
            "dob": null,
            "application_form": "",
            "assessment_file": ""
        }
    },
    {
        "model": "MentorMentee.student",
        "pk": 86,
        "fields": {
            "login": null,
            "name": "SARATH GOPAKUMAR",
            "email": "csda2526@rajagiri.edu",
            "reg_no": "CSDA2526",
            "phone": null,
            "department": 1,
            "student_image": "",
            "course": 2,
            "batch": 2,
            "year": 1,
            "faculty": 2,
            "dob": null,
            "application_form": "",
            "assessment_file": ""
        }
    },
    {
        "model": "MentorMentee.student",
        "pk": 87,
        "fields": {
            "login": null,
            "name": "SETHULAKSHMI V",
            "email": "csda2527@rajagiri.edu",
            "reg_no": "CSDA2527",
            "phone": null,
            "department": 1,
            "student_image": "",
            "course": 2,
            "batch": 2,
            "year": 1,
            "faculty": 1,
            "dob": null,
            "application_form": "",
            "assessment_file": ""
        }
    },
    {
        "model": "MentorMentee.student",
        "pk": 88,
        "fields": {
            "login": null,
            "name": "SREERAG BELRAJ",
            "email": "csda2528@rajagiri.edu",
            "reg_no": "CSDA2528",
            "phone": null,
            "department": 1,
            "student_image": "",
            "course": 2,
            "batch": 2,
            "year": 1,
            "faculty": 9,
            "dob": null,
            "application_form": "",
            "assessment_file": ""
        }
    },
    {
        "model": "MentorMentee.student",
        "pk": 89,
        "fields": {
            "login": null,
            "name": "SREERAG S",
            "email": "csda2529@rajagiri.edu",
            "reg_no": "CSDA2529",
            "phone": null,
            "department": 1,
            "student_image": "",
            "course": 2,
            "batch": 2,
            "year": 1,
            "faculty": null,
            "dob": null,
            "application_form": "",
            "assessment_file": ""
        }
    },
    {
        "model": "MentorMentee.student",
        "pk": 90,
        "fields": {
            "login": null,
            "name": "TOM SHAJI",
            "email": "csda2530@rajagiri.edu",
            "reg_no": "CSDA2530",
            "phone": null,
            "department": 1,
            "student_image": "",
            "course": 2,
            "batch": 2,
            "year": 1,
            "faculty": 5,
            "dob": null,
            "application_form": "",
            "assessment_file": ""
        }
    },
    {
        "model": "MentorMentee.student",
        "pk": 91,
        "fields": {
            "login": 24,
            "name": "Kishore",
            "email": "mca2537@rajagiri.edu",
            "reg_no": "MCA2637",
            "phone": "655675657",
            "department": 1,
            "student_image": "20250207_161653.jpg",
            "course": 1,
            "batch": 3,
            "year": 1,
            "faculty": 8,
            "dob": "2004-12-17",
            "application_form": "application_forms/DAA_Ass._4.pdf",
            "assessment_file": ""
        }
    },
    {
        "model": "MentorMentee.mentoringsession",
        "pk": 1,
        "fields": {
            "student": 91,
            "faculty": 8,
            "date": "2025-12-19",
            "title": "yhvy",
            "academic_details": "cvtgycv",
            "demography": "fvyh",
            "personal": "vyv",
            "emotional_details": "tgctgyc",
            "other_details": "tycitgyc",
            "followup_actions": "yctgycit"
        }
    },
    {
        "model": "MentorMentee.mentoringsession",
        "pk": 2,
        "fields": {
            "student": 63,
            "faculty": 8,
            "date": "2025-12-19",
            "title": "tyctgyc",
            "academic_details": "tgyc",
            "demography": "vfgc",
            "personal": "ctgc",
            "emotional_details": "tygctgy",
            "other_details": "xctgyxc",
            "followup_actions": "tygxctryxcityr"
        }
    },
    {
        "model": "MentorMentee.mentoringsession",
        "pk": 3,
        "fields": {
            "student": 8,
            "faculty": 1,
            "date": "2025-12-19",
            "title": "New",
            "academic_details": "Good",
            "demography": "Good",
            "personal": "Healthy Kuttan",
            "emotional_details": "Good",
            "other_details": "Goood",
            "followup_actions": "No"
        }
    },
    {
        "model": "MentorMentee.schedule",
        "pk": 1,
        "fields": {
            "batch": 1,
            "created_by": 1,
            "start_date": "2025-12-01",
            "end_date": "2025-12-05",
            "status": "incomplete",
            "created_at": "2025-11-29"
        }
    },
    {
        "model": "MentorMentee.schedule",
        "pk": 2,
        "fields": {
            "batch": 2,
            "created_by": 1,
            "start_date": "2025-12-15",
            "end_date": "2025-12-19",
            "status": "active",
            "created_at": "2025-12-10"
        }
    },
    {
        "model": "MentorMentee.schedule",
        "pk": 3,
        "fields": {
            "batch": 1,
            "created_by": 1,
            "start_date": "2025-12-10",
            "end_date": "2025-12-10",
            "status": "incomplete",
            "created_at": "2025-12-10"
        }
    },
    {
        "model": "MentorMentee.schedule",
        "pk": 4,
        "fields": {
            "batch": 1,
            "created_by": 1,
            "start_date": "2025-12-16",
            "end_date": "2025-12-19",
            "status": "active",
            "created_at": "2025-12-16"
        }
    },
    {
        "model": "MentorMentee.schedule",
        "pk": 5,
        "fields": {
            "batch": 1,
            "created_by": 1,
            "start_date": "2025-12-11",
            "end_date": "2025-12-13",
            "status": "active",
            "created_at": "2025-12-11"
        }
    },
    {
        "model": "MentorMentee.schedule",
        "pk": 6,
        "fields": {
            "batch": 1,
            "created_by": 1,
            "start_date": "2025-12-21",
            "end_date": "2025-12-22",
            "status": "active",
            "created_at": "2025-12-16"
        }
    },
    {
        "model": "MentorMentee.sessionrequest",
        "pk": 1,
        "fields": {
            "student": 63,
            "faculty": 8,
            "request_date": "2025-12-18",
            "status": "Accepted",
            "session_date": "2025-12-18",
            "session_time": "14:30:00",
            "comments": "Please i need urgent mentoring."
        }
    },
    {
        "model": "MentorMentee.sessionrequest",
        "pk": 2,
        "fields": {
            "student": 91,
            "faculty": 8,
            "request_date": "2025-12-20",
            "status": "Accepted",
            "session_date": "2025-12-20",
            "session_time": "14:00:00",
            "comments": "Please"
        }
    },
    {
        "model": "MentorMentee.sessionrequest",
        "pk": 3,
        "fields": {
            "student": 91,
            "faculty": 8,
            "request_date": "2025-12-20",
            "status": "Rejected",
            "session_date": null,
            "session_time": null,
            "comments": "Pls"
        }
    },
    {
        "model": "MentorMentee.sessionrequest",
        "pk": 4,
        "fields": {
            "student": 91,
            "faculty": 8,
            "request_date": "2025-12-20",
            "status": "Accepted",
            "session_date": "2025-12-21",
            "session_time": "13:00:00",
            "comments": "Pleaseeeeee"
        }
    },
    {
        "model": "MentorMentee.studentuploads",
        "pk": 1,
        "fields": {
            "student": 62,
            "file_name": "Sample File",
            "upload_file": "student_uploads/Screenshot 2025-12-08 212534.png",
            "description": "Screenshot Image"
        }
    },
    {
        "model": "MentorMentee.studentuploads",
        "pk": 2,
        "fields": {
            "student": 62,
            "file_name": "Sample2",
            "upload_file": "student_uploads/AI-Based_Smart_Traffic_Control_System_Abstract.pdf",
            "description": "Sample file"
        }
    },
    {
        "model": "MentorMentee.studentuploads",
        "pk": 3,
        "fields": {
            "student": 63,
            "file_name": "Marklist",
            "upload_file": "student_uploads/Marklists.pdf",
            "description": ""
        }
    },
    {
        "model": "MentorMentee.studentuploads",
        "pk": 4,
        "fields": {
            "student": 63,
            "file_name": "Marklist 2",
            "upload_file": "student_uploads/Marklist.pdf",
            "description": ""
        }
    },
    {
        "model": "MentorMentee.studentuploads",
        "pk": 5,
        "fields": {
            "student": 63,
            "file_name": "new",
            "upload_file": "student_uploads/Qns._on_A__Algorithm_1.pdf",
            "description": ""
        }
    },
    {
        "model": "MentorMentee.studentuploads",
        "pk": 6,
        "fields": {
            "student": 63,
            "file_name": "NEW",
            "upload_file": "student_uploads/Agile_Development__SDG_Prototype_Assignment.pdf",
            "description": ""
        }
    },
    {
        "model": "MentorMentee.studentuploads",
        "pk": 7,
        "fields": {
            "student": 63,
            "file_name": "DAA Ass.",
            "upload_file": "student_uploads/DAA_Ass.pdf",
            "description": ""
        }
    },
    {
        "model": "MentorMentee.studentuploads",
        "pk": 8,
        "fields": {
            "student": 91,
            "file_name": "AGILE",
            "upload_file": "student_uploads/Agile_Development__SDG_Prototype_Assignment_MbtgQdL.pdf",
            "description": ""
        }
    },
    {
        "model": "MentorMentee.assignment",
        "pk": 8,
        "fields": {
            "student": 91,
            "faculty": 8,
            "status": "approved"
        }
    },
    {
        "model": "MentorMentee.assignment",
        "pk": 14,
        "fields": {
            "student": 24,
            "faculty": 8,
            "status": "approved"
        }
    },
    {
        "model": "MentorMentee.assignment",
        "pk": 15,
        "fields": {
            "student": 63,
            "faculty": 8,
            "status": "approved"
        }
    },
    {
        "model": "MentorMentee.hod",
        "pk": 1,
        "fields": {
            "login": 15,
            "name": "Super Admin",
            "email": "super@rajagiri.edu",
            "admin_image": ""
        }
    }
]