[{"model": "auth.permission", "pk": 1, "fields": {"name": "Can add log entry", "content_type": 1, "codename": "add_logentry"}}, {"model": "auth.permission", "pk": 2, "fields": {"name": "Can change log entry", "content_type": 1, "codename": "change_logentry"}}, {"model": "auth.permission", "pk": 3, "fields": {"name": "Can delete log entry", "content_type": 1, "codename": "delete_logentry"}}, {"model": "auth.permission", "pk": 4, "fields": {"name": "Can view log entry", "content_type": 1, "codename": "view_logentry"}}, {"model": "auth.permission", "pk": 5, "fields": {"name": "Can add permission", "content_type": 2, "codename": "add_permission"}}, {"model": "auth.permission", "pk": 6, "fields": {"name": "Can change permission", "content_type": 2, "codename": "change_permission"}}, {"model": "auth.permission", "pk": 7, "fields": {"name": "Can delete permission", "content_type": 2, "codename": "delete_permission"}}, {"model": "auth.permission", "pk": 8, "fields": {"name": "Can view permission", "content_type": 2, "codename": "view_permission"}}, {"model": "auth.permission", "pk": 9, "fields": {"name": "Can add group", "content_type": 3, "codename": "add_group"}}, {"model": "auth.permission", "pk": 10, "fields": {"name": "Can change group", "content_type": 3, "codename": "change_group"}}, {"model": "auth.permission", "pk": 11, "fields": {"name": "Can delete group", "content_type": 3, "codename": "delete_group"}}, {"model": "auth.permission", "pk": 12, "fields": {"name": "Can view group", "content_type": 3, "codename": "view_group"}}, {"model": "auth.permission", "pk": 13, "fields": {"name": "Can add user", "content_type": 4, "codename": "add_user"}}, {"model": "auth.permission", "pk": 14, "fields": {"name": "Can change user", "content_type": 4, "codename": "change_user"}}, {"model": "auth.permission", "pk": 15, "fields": {"name": "Can delete user", "content_type": 4, "codename": "delete_user"}}, {"model": "auth.permission", "pk": 16, "fields": {"name": "Can view user", "content_type": 4, "codename": "view_user"}}, {"model": "auth.permission", "pk": 17, "fields": {"name": "Can add content type", "content_type": 5, "codename": "add_contenttype"}}, {"model": "auth.permission", "pk": 18, "fields": {"name": "Can change content type", "content_type": 5, "codename": "change_contenttype"}}, {"model": "auth.permission", "pk": 19, "fields": {"name": "Can delete content type", "content_type": 5, "codename": "delete_contenttype"}}, {"model": "auth.permission", "pk": 20, "fields": {"name": "Can view content type", "content_type": 5, "codename": "view_contenttype"}}, {"model": "auth.permission", "pk": 21, "fields": {"name": "Can add session", "content_type": 6, "codename": "add_session"}}, {"model": "auth.permission", "pk": 22, "fields": {"name": "Can change session", "content_type": 6, "codename": "change_session"}}, {"model": "auth.permission", "pk": 23, "fields": {"name": "Can delete session", "content_type": 6, "codename": "delete_session"}}, {"model": "auth.permission", "pk": 24, "fields": {"name": "Can view session", "content_type": 6, "codename": "view_session"}}, {"model": "auth.permission", "pk": 25, "fields": {"name": "Can add admin", "content_type": 7, "codename": "add_admin"}}, {"model": "auth.permission", "pk": 26, "fields": {"name": "Can change admin", "content_type": 7, "codename": "change_admin"}}, {"model": "auth.permission", "pk": 27, "fields": {"name": "Can delete admin", "content_type": 7, "codename": "delete_admin"}}, {"model": "auth.permission", "pk": 28, "fields": {"name": "Can view admin", "content_type": 7, "codename": "view_admin"}}, {"model": "auth.permission", "pk": 29, "fields": {"name": "Can add department", "content_type": 8, "codename": "add_department"}}, {"model": "auth.permission", "pk": 30, "fields": {"name": "Can change department", "content_type": 8, "codename": "change_department"}}, {"model": "auth.permission", "pk": 31, "fields": {"name": "Can delete department", "content_type": 8, "codename": "delete_department"}}, {"model": "auth.permission", "pk": 32, "fields": {"name": "Can view department", "content_type": 8, "codename": "view_department"}}, {"model": "auth.permission", "pk": 33, "fields": {"name": "Can add faculty", "content_type": 9, "codename": "add_faculty"}}, {"model": "auth.permission", "pk": 34, "fields": {"name": "Can change faculty", "content_type": 9, "codename": "change_faculty"}}, {"model": "auth.permission", "pk": 35, "fields": {"name": "Can delete faculty", "content_type": 9, "codename": "delete_faculty"}}, {"model": "auth.permission", "pk": 36, "fields": {"name": "Can view faculty", "content_type": 9, "codename": "view_faculty"}}, {"model": "auth.permission", "pk": 37, "fields": {"name": "Can add login", "content_type": 10, "codename": "add_login"}}, {"model": "auth.permission", "pk": 38, "fields": {"name": "Can change login", "content_type": 10, "codename": "change_login"}}, {"model": "auth.permission", "pk": 39, "fields": {"name": "Can delete login", "content_type": 10, "codename": "delete_login"}}, {"model": "auth.permission", "pk": 40, "fields": {"name": "Can view login", "content_type": 10, "codename": "view_login"}}, {"model": "auth.permission", "pk": 41, "fields": {"name": "Can add student", "content_type": 11, "codename": "add_student"}}, {"model": "auth.permission", "pk": 42, "fields": {"name": "Can change student", "content_type": 11, "codename": "change_student"}}, {"model": "auth.permission", "pk": 43, "fields": {"name": "Can delete student", "content_type": 11, "codename": "delete_student"}}, {"model": "auth.permission", "pk": 44, "fields": {"name": "Can view student", "content_type": 11, "codename": "view_student"}}, {"model": "auth.permission", "pk": 45, "fields": {"name": "Can add mentoring session", "content_type": 12, "codename": "add_mentoringsession"}}, {"model": "auth.permission", "pk": 46, "fields": {"name": "Can change mentoring session", "content_type": 12, "codename": "change_mentoringsession"}}, {"model": "auth.permission", "pk": 47, "fields": {"name": "Can delete mentoring session", "content_type": 12, "codename": "delete_mentoringsession"}}, {"model": "auth.permission", "pk": 48, "fields": {"name": "Can view mentoring session", "content_type": 12, "codename": "view_mentoringsession"}}, {"model": "auth.permission", "pk": 49, "fields": {"name": "Can add mentor assignment log", "content_type": 13, "codename": "add_mentorassignmentlog"}}, {"model": "auth.permission", "pk": 50, "fields": {"name": "Can change mentor assignment log", "content_type": 13, "codename": "change_mentorassignmentlog"}}, {"model": "auth.permission", "pk": 51, "fields": {"name": "Can delete mentor assignment log", "content_type": 13, "codename": "delete_mentorassignmentlog"}}, {"model": "auth.permission", "pk": 52, "fields": {"name": "Can view mentor assignment log", "content_type": 13, "codename": "view_mentorassignmentlog"}}, {"model": "auth.permission", "pk": 53, "fields": {"name": "Can add courses", "content_type": 14, "codename": "add_courses"}}, {"model": "auth.permission", "pk": 54, "fields": {"name": "Can change courses", "content_type": 14, "codename": "change_courses"}}, {"model": "auth.permission", "pk": 55, "fields": {"name": "Can delete courses", "content_type": 14, "codename": "delete_courses"}}, {"model": "auth.permission", "pk": 56, "fields": {"name": "Can view courses", "content_type": 14, "codename": "view_courses"}}, {"model": "auth.permission", "pk": 57, "fields": {"name": "Can add batches", "content_type": 15, "codename": "add_batches"}}, {"model": "auth.permission", "pk": 58, "fields": {"name": "Can change batches", "content_type": 15, "codename": "change_batches"}}, {"model": "auth.permission", "pk": 59, "fields": {"name": "Can delete batches", "content_type": 15, "codename": "delete_batches"}}, {"model": "auth.permission", "pk": 60, "fields": {"name": "Can view batches", "content_type": 15, "codename": "view_batches"}}, {"model": "auth.permission", "pk": 61, "fields": {"name": "Can add schedule", "content_type": 16, "codename": "add_schedule"}}, {"model": "auth.permission", "pk": 62, "fields": {"name": "Can change schedule", "content_type": 16, "codename": "change_schedule"}}, {"model": "auth.permission", "pk": 63, "fields": {"name": "Can delete schedule", "content_type": 16, "codename": "delete_schedule"}}, {"model": "auth.permission", "pk": 64, "fields": {"name": "Can view schedule", "content_type": 16, "codename": "view_schedule"}}, {"model": "auth.permission", "pk": 65, "fields": {"name": "Can add session request", "content_type": 17, "codename": "add_sessionrequest"}}, {"model": "auth.permission", "pk": 66, "fields": {"name": "Can change session request", "content_type": 17, "codename": "change_sessionrequest"}}, {"model": "auth.permission", "pk": 67, "fields": {"name": "Can delete session request", "content_type": 17, "codename": "delete_sessionrequest"}}, {"model": "auth.permission", "pk": 68, "fields": {"name": "Can view session request", "content_type": 17, "codename": "view_sessionrequest"}}, {"model": "auth.permission", "pk": 69, "fields": {"name": "Can add student uploads", "content_type": 18, "codename": "add_studentuploads"}}, {"model": "auth.permission", "pk": 70, "fields": {"name": "Can change student uploads", "content_type": 18, "codename": "change_studentuploads"}}, {"model": "auth.permission", "pk": 71, "fields": {"name": "Can delete student uploads", "content_type": 18, "codename": "delete_studentuploads"}}, {"model": "auth.permission", "pk": 72, "fields": {"name": "Can view student uploads", "content_type": 18, "codename": "view_studentuploads"}}, {"model": "auth.permission", "pk": 73, "fields": {"name": "Can add assignment", "content_type": 19, "codename": "add_assignment"}}, {"model": "auth.permission", "pk": 74, "fields": {"name": "Can change assignment", "content_type": 19, "codename": "change_assignment"}}, {"model": "auth.permission", "pk": 75, "fields": {"name": "Can delete assignment", "content_type": 19, "codename": "delete_assignment"}}, {"model": "auth.permission", "pk": 76, "fields": {"name": "Can view assignment", "content_type": 19, "codename": "view_assignment"}}, {"model": "auth.user", "pk": 1, "fields": {"password": "pbkdf2_sha256$1000000$99OICkEVRSI5BiDRKe78oO$C81jvEyBiIh9KpjzUXhb69+0Vt4UK6mIu40Jw8IfFBI=", "last_login": "2025-12-04T06:10:00.402Z", "is_superuser": true, "username": "kishore", "first_name": "", "last_name": "", "email": "kishor.mullappilly@gmail.com", "is_staff": true, "is_active": true, "date_joined": "2025-12-04T06:09:43.386Z", "groups": [], "user_permissions": []}}, {"model": "contenttypes.contenttype", "pk": 1, "fields": {"app_label": "admin", "model": "logentry"}}, {"model": "contenttypes.contenttype", "pk": 2, "fields": {"app_label": "auth", "model": "permission"}}, {"model": "contenttypes.contenttype", "pk": 3, "fields": {"app_label": "auth", "model": "group"}}, {"model": "contenttypes.contenttype", "pk": 4, "fields": {"app_label": "auth", "model": "user"}}, {"model": "contenttypes.contenttype", "pk": 5, "fields": {"app_label": "contenttypes", "model": "contenttype"}}, {"model": "contenttypes.contenttype", "pk": 6, "fields": {"app_label": "sessions", "model": "session"}}, {"model": "contenttypes.contenttype", "pk": 7, "fields": {"app_label": "MentorMentee", "model": "admin"}}, {"model": "contenttypes.contenttype", "pk": 8, "fields": {"app_label": "MentorMentee", "model": "department"}}, {"model": "contenttypes.contenttype", "pk": 9, "fields": {"app_label": "MentorMentee", "model": "faculty"}}, {"model": "contenttypes.contenttype", "pk": 10, "fields": {"app_label": "MentorMentee", "model": "login"}}, {"model": "contenttypes.contenttype", "pk": 11, "fields": {"app_label": "MentorMentee", "model": "student"}}, {"model": "contenttypes.contenttype", "pk": 12, "fields": {"app_label": "MentorMentee", "model": "mentoringsession"}}, {"model": "contenttypes.contenttype", "pk": 13, "fields": {"app_label": "MentorMentee", "model": "mentorassignmentlog"}}, {"model": "contenttypes.contenttype", "pk": 14, "fields": {"app_label": "MentorMentee", "model": "courses"}}, {"model": "contenttypes.contenttype", "pk": 15, "fields": {"app_label": "MentorMentee", "model": "batches"}}, {"model": "contenttypes.contenttype", "pk": 16, "fields": {"app_label": "MentorMentee", "model": "schedule"}}, {"model": "contenttypes.contenttype", "pk": 17, "fields": {"app_label": "MentorMentee", "model": "sessionrequest"}}, {"model": "contenttypes.contenttype", "pk": 18, "fields": {"app_label": "MentorMentee", "model": "studentuploads"}}, {"model": "contenttypes.contenttype", "pk": 19, "fields": {"app_label": "MentorMentee", "model": "assignment"}}, {"model": "sessions.session", "pk": "0evsujjskkjrg77xfge8s8j8itaf49pn", "fields": {"session_data": "eyJsb2dpbl9pZCI6MTl9:1vSpXV:kHulqS-4zazAmAhGjHitEr2CS5iAGRQ_iHgs6bB7UGU", "expire_date": "2025-12-23T04:41:29.848Z"}}, {"model": "sessions.session", "pk": "1efz36stg1lndo99lx7eldv8vlti188h", "fields": {"session_data": "eyJsb2dpbl9pZCI6MjF9:1vVNYx:RiP91nyOaaL-uxhH7mtBaw8xSE5YRVLJPA-h23GGKGk", "expire_date": "2025-12-30T05:25:31.103Z"}}, {"model": "sessions.session", "pk": "1lo6578nnb7r3wy95pb8qoop5d2lmvhj", "fields": {"session_data": "eyJsb2dpbl9pZCI6MX0:1vVPFl:DsZuPFN52CT0Wni6oi0zqer2AfzYSxyTU_-tNdF68EQ", "expire_date": "2025-12-30T07:13:49.345Z"}}, {"model": "sessions.session", "pk": "5tv0uji20q3lm2shnw3g2qhpcdvuaa49", "fields": {"session_data": "eyJsb2dpbl9pZCI6MX0:1vTIOZ:lwJzPBn4NtSfCqJelAtzHNVfzGij95e02MocbQBVEcA", "expire_date": "2025-12-24T11:30:11.642Z"}}, {"model": "sessions.session", "pk": "7a1rcgwi1l930k1t0ip1k5rrq569jb1i", "fields": {"session_data": "eyJsb2dpbl9pZCI6MX0:1vTGmJ:iI6aIwbZpOcrn8Ni6X2YMmPjZW0sYm6uP5BiAWMA9mk", "expire_date": "2025-12-24T09:46:35.936Z"}}, {"model": "sessions.session", "pk": "7dm7h2vffh2soi48sc0mq0a693hnjjb5", "fields": {"session_data": "eyJsb2dpbl9pZCI6MjF9:1vVOS6:apxJG5gzsmfyppx217cRZQ9ZzfRLgXLehGw6JRvB4rE", "expire_date": "2025-12-30T06:22:30.493Z"}}, {"model": "sessions.session", "pk": "8e8de32bwazjxtk94yjpepqiszkqyk9b", "fields": {"session_data": "eyJsb2dpbl9pZCI6MTl9:1vSzAD:sRbTxf6SfoA9P9w-Kyip1FhAxRxhJwhkQ5NhfYwZTV4", "expire_date": "2025-12-23T14:58:05.539Z"}}, {"model": "sessions.session", "pk": "a1qj93t3f5fnmrtvfgp0hhlxlbp1mj62", "fields": {"session_data": "eyJsb2dpbl9pZCI6MX0:1vTECc:8RdXFd_xnA5fGlkrSq2g7xtJC4RoGU6cftqRpbDm2Os", "expire_date": "2025-12-24T07:01:34.854Z"}}, {"model": "sessions.session", "pk": "glqgbhzo80wwmdoc1ii70321ke8j435u", "fields": {"session_data": "eyJsb2dpbl9pZCI6MjF9:1vTEC2:3VqjYicOAAfsURg6qb1NGIi54Wh77pOeeTuoEAkRMsI", "expire_date": "2025-12-24T07:00:58.329Z"}}, {"model": "sessions.session", "pk": "iqu4jsxii38xxykrntffz0de7asxzk3i", "fields": {"session_data": "eyJsb2dpbl9pZCI6MjF9:1vTEvB:F5TSCgWxkbfE-QZAY3ky-g44sf1okMLOaH-sdm6Ykhg", "expire_date": "2025-12-24T07:47:37.712Z"}}, {"model": "sessions.session", "pk": "kux13umnbm1sbbsc9905ghq2p5y8w05t", "fields": {"session_data": "eyJsb2dpbl9pZCI6MjN9:1vVO2B:r_xaDE9UA2eGlXTXE7nlNjicXfUUbsHbun8gS7EDPIY", "expire_date": "2025-12-30T05:55:43.373Z"}}, {"model": "sessions.session", "pk": "kvog9d1kqyatdoz36jgpvil1kljf63ow", "fields": {"session_data": "eyJsb2dpbl9pZCI6MX0:1vT0sY:F0vVVX1j2uYQimZggXQneEbROPp0RGY58znd0-oIt5Y", "expire_date": "2025-12-23T16:47:58.994Z"}}, {"model": "sessions.session", "pk": "msh4sw64qsv5myp78581o3oq9wnvj8di", "fields": {"session_data": ".eJxVjDkOgzAQAP-ydWR5F-ODMj1vQD7WQIJsiaOK8veIiIZ2ZjQfWOo4l2FO0KF7wOCPfRqOjdc_AoQbCz6-uZwivXwZq4i17OscxJmIy26ir4mX59XeBpPfJuhAspPokSgl1BJjSzqnQNGzkoyBdCPRGiIdkZQzmRpF2UZndIvKWobvD8_cOvQ:1vR2XQ:SH0jgEXCMp7VLTPTXxcmed0KD2s8JjObDuyUOje-pis", "expire_date": "2025-12-18T06:10:00.412Z"}}, {"model": "sessions.session", "pk": "mwsa78vf0wynb3pf1qpy0e0pr48xio0d", "fields": {"session_data": "eyJsb2dpbl9pZCI6Mn0:1vOBbI:G5YzNizH9LVErVjVmM3NqrmzkFHiR0fZ_hEfGlGLvJI", "expire_date": "2025-12-10T09:14:12.245Z"}}, {"model": "sessions.session", "pk": "wufwig7kbidi7699hob6zxajqe1mdbvu", "fields": {"session_data": "eyJsb2dpbl9pZCI6MX0:1vTEI0:PswAEz23ZQgIdfrCaaQPjnVSgtQkdUqbkQNXaaxOa38", "expire_date": "2025-12-24T07:07:08.528Z"}}, {"model": "sessions.session", "pk": "xc3sip3agtctaiqtpztv9b1l1go5znd1", "fields": {"session_data": "eyJsb2dpbl9pZCI6MX0:1vVNB7:XYyoXHqR3dFpe51q4--KOnEwF_GV0oTzphd7fuzsu1s", "expire_date": "2025-12-30T05:00:53.726Z"}}, {"model": "sessions.session", "pk": "yfk1jvx2kkybvse8ju48p3qxlh8kxq40", "fields": {"session_data": "eyJsb2dpbl9pZCI6MX0:1vR1CG:aqesMd2DIC-1lYC0kKkrqARqSuuu3-ITSKze5xEWm-c", "expire_date": "2025-12-18T04:44:04.167Z"}}, {"model": "MentorMentee.login", "pk": 1, "fields": {"username": "admin", "password": "admin", "userType": "admin"}}, {"model": "MentorMentee.login", "pk": 2, "fields": {"username": "Diljith", "password": "diljith", "userType": "faculty"}}, {"model": "MentorMentee.login", "pk": 3, "fields": {"username": "Jaya", "password": "jaya", "userType": "faculty"}}, {"model": "MentorMentee.login", "pk": 4, "fields": {"username": "Ann", "password": "ann", "userType": "faculty"}}, {"model": "MentorMentee.login", "pk": 5, "fields": {"username": "Sunu", "password": "sunu", "userType": "faculty"}}, {"model": "MentorMentee.login", "pk": 6, "fields": {"username": "Shiju", "password": "shiju", "userType": "faculty"}}, {"model": "MentorMentee.login", "pk": 7, "fields": {"username": "Sabeen", "password": "sabeen", "userType": "faculty"}}, {"model": "MentorMentee.login", "pk": 8, "fields": {"username": "Keerthy", "password": "keerthy", "userType": "faculty"}}, {"model": "MentorMentee.login", "pk": 9, "fields": {"username": "Neethu", "password": "neethu", "userType": "faculty"}}, {"model": "MentorMentee.login", "pk": 10, "fields": {"username": "Priyanka", "password": "priyanka", "userType": "faculty"}}, {"model": "MentorMentee.login", "pk": 11, "fields": {"username": "Ann Rija", "password": "ann rija", "userType": "faculty"}}, {"model": "MentorMentee.login", "pk": 12, "fields": {"username": "Shoby", "password": "shoby", "userType": "faculty"}}, {"model": "MentorMentee.login", "pk": 13, "fields": {"username": "Sunu Fathima", "password": "sunu fat", "userType": "faculty"}}, {"model": "MentorMentee.login", "pk": 14, "fields": {"username": "Admin", "password": "admin123", "userType": "admin"}}, {"model": "MentorMentee.login", "pk": 20, "fields": {"username": "MCA2516", "password": "1234", "userType": "student"}}, {"model": "MentorMentee.login", "pk": 21, "fields": {"username": "MCA2616", "password": "1234", "userType": "student"}}, {"model": "MentorMentee.login", "pk": 22, "fields": {"username": "mca2600", "password": "1234", "userType": "student"}}, {"model": "MentorMentee.login", "pk": 23, "fields": {"username": "mca2571", "password": "17122004", "userType": "student"}}, {"model": "MentorMentee.department", "pk": 1, "fields": {"name": "Computer Science", "code": "CS", "hod_name": "Dr. Bindhya M Varghese", "email": "bindhya@rajagiri.edu", "created_at": "2025-11-26T01:06:22Z"}}, {"model": "MentorMentee.department", "pk": 2, "fields": {"name": "Commerce", "code": "CM", "hod_name": "Dr. Name", "email": "name@rajagiri.edu", "created_at": "2025-11-26T14:10:04Z"}}, {"model": "MentorMentee.courses", "pk": 1, "fields": {"course_name": "MCA", "department": 1}}, {"model": "MentorMentee.courses", "pk": 2, "fields": {"course_name": "Msc. CS (DA)", "department": 1}}, {"model": "MentorMentee.batches", "pk": 1, "fields": {"batch_name": "MCA 25-27", "course": 1, "batch_mail": "mca2516@rajagiri.edu"}}, {"model": "MentorMentee.batches", "pk": 2, "fields": {"batch_name": "MSC CS 25-27", "course": 2, "batch_mail": "msccs2025@rajagiri.edu"}}, {"model": "MentorMentee.batches", "pk": 3, "fields": {"batch_name": "MCA 26-27", "course": 1, "batch_mail": "mca2026@rajagiri.edu"}}, {"model": "MentorMentee.admin", "pk": 1, "fields": {"login": 1, "name": "Ms. Priyanka", "email": "priyanka@rajagiri.edu", "department": 1, "created_at": "2025-11-26T01:05:18Z", "admin_image": "priyanka.jpg"}}, {"model": "MentorMentee.faculty", "pk": 1, "fields": {"login": 2, "name": "Diljith K Benny", "email": "diljith@rajagiri.edu", "phone": null, "department": 1, "designation": "Assistant Professor", "faculty_image": "diljith.jpg"}}, {"model": "MentorMentee.faculty", "pk": 2, "fields": {"login": 3, "name": "Dr. Jaya Vijayan", "email": "jaya@rajagiri.edu", "phone": null, "department": 1, "designation": "Assistant Professor", "faculty_image": ""}}, {"model": "MentorMentee.faculty", "pk": 3, "fields": {"login": 5, "name": "Dr. Ann Baby", "email": "ann@rajagiri.edu", "phone": null, "department": 1, "designation": "Assistant Professor", "faculty_image": ""}}, {"model": "MentorMentee.faculty", "pk": 4, "fields": {"login": 6, "name": "Dr. Shiju Thomas M Y", "email": "shiju@rajagiri.edu", "phone": null, "department": 1, "designation": "Assistant Professor", "faculty_image": ""}}, {"model": "MentorMentee.faculty", "pk": 5, "fields": {"login": 7, "name": "Dr. Sabeen Govind", "email": "sabeen@rajagiri.edu", "phone": null, "department": 1, "designation": "Assistant Professor", "faculty_image": ""}}, {"model": "MentorMentee.faculty", "pk": 6, "fields": {"login": 8, "name": "Dr. Keerthy A S", "email": "keerthy@rajagiri.edu", "phone": null, "department": 1, "designation": "Assistant Professor", "faculty_image": ""}}, {"model": "MentorMentee.faculty", "pk": 7, "fields": {"login": 9, "name": "Ms. Neethu Narayanan", "email": "neethu@rajagiri.edu", "phone": null, "department": 1, "designation": "Assistant Professor", "faculty_image": ""}}, {"model": "MentorMentee.faculty", "pk": 8, "fields": {"login": 10, "name": "Ms. Priyanka E Thambi", "email": "priyanka@rajagiri.edu", "phone": null, "department": 1, "designation": "Assistant Professor", "faculty_image": ""}}, {"model": "MentorMentee.faculty", "pk": 9, "fields": {"login": 11, "name": "Ms. Ann Rija", "email": "annrija@rajagiri.edu", "phone": null, "department": 1, "designation": "Assistant Professor", "faculty_image": ""}}, {"model": "MentorMentee.faculty", "pk": 10, "fields": {"login": 12, "name": "Dr. Shoby Sunny", "email": "shoby@rajagiri.edu", "phone": null, "department": 1, "designation": "Assistant Professor", "faculty_image": ""}}, {"model": "MentorMentee.faculty", "pk": 11, "fields": {"login": 13, "name": "Ms. Sunu Fathima", "email": "sunufathima@rajagiri.edu", "phone": null, "department": 1, "designation": "Assistant Professor", "faculty_image": ""}}, {"model": "MentorMentee.faculty", "pk": 12, "fields": {"login": 4, "name": "Ms. Sunu Mary Abraham", "email": "sunu@rajagiri.edu", "phone": null, "department": 1, "designation": "Assistant Professor", "faculty_image": ""}}, {"model": "MentorMentee.student", "pk": 1, "fields": {"login": null, "name": "ABHINAV B PRASAD", "email": "mca2501@rajagiri.edu", "reg_no": "MCA2501", "phone": null, "department": 1, "student_image": "", "course": 1, "batch": 1, "year": 1, "faculty": 2, "dob": null, "application_form": "", "assessment_file": ""}}, {"model": "MentorMentee.student", "pk": 2, "fields": {"login": null, "name": "ABHINAV MARTIN MATHEW", "email": "mca2502@rajagiri.edu", "reg_no": "MCA2502", "phone": null, "department": 1, "student_image": "", "course": 1, "batch": 1, "year": 1, "faculty": 11, "dob": null, "application_form": "", "assessment_file": ""}}, {"model": "MentorMentee.student", "pk": 3, "fields": {"login": null, "name": "AFWANA P NAZER", "email": "mca2503@rajagiri.edu", "reg_no": "MCA2503", "phone": null, "department": 1, "student_image": "", "course": 1, "batch": 1, "year": 1, "faculty": 7, "dob": null, "application_form": "", "assessment_file": ""}}, {"model": "MentorMentee.student", "pk": 4, "fields": {"login": null, "name": "AKASH SABU", "email": "mca2504@rajagiri.edu", "reg_no": "MCA2504", "phone": null, "department": 1, "student_image": "", "course": 1, "batch": 1, "year": 1, "faculty": 2, "dob": null, "application_form": "", "assessment_file": ""}}, {"model": "MentorMentee.student", "pk": 5, "fields": {"login": null, "name": "AKSHAY SHIBU", "email": "mca2505@rajagiri.edu", "reg_no": "MCA2505", "phone": null, "department": 1, "student_image": "", "course": 1, "batch": 1, "year": 1, "faculty": 12, "dob": null, "application_form": "", "assessment_file": ""}}, {"model": "MentorMentee.student", "pk": 6, "fields": {"login": null, "name": "ALAN SHAJI", "email": "mca2506@rajagiri.edu", "reg_no": "MCA2506", "phone": null, "department": 1, "student_image": "", "course": 1, "batch": 1, "year": 1, "faculty": 9, "dob": null, "application_form": "", "assessment_file": ""}}, {"model": "MentorMentee.student", "pk": 7, "fields": {"login": null, "name": "ALBERT C S", "email": "mca2507@rajagiri.edu", "reg_no": "MCA2507", "phone": null, "department": 1, "student_image": "", "course": 1, "batch": 1, "year": 1, "faculty": 7, "dob": null, "application_form": "", "assessment_file": ""}}, {"model": "MentorMentee.student", "pk": 8, "fields": {"login": null, "name": "ALBIN MAMMEN MATHEW", "email": "mca2508@rajagiri.edu", "reg_no": "MCA2508", "phone": null, "department": 1, "student_image": "", "course": 1, "batch": 1, "year": 1, "faculty": 1, "dob": null, "application_form": "", "assessment_file": ""}}, {"model": "MentorMentee.student", "pk": 9, "fields": {"login": null, "name": "AMINA MUHAMMED", "email": "mca2509@rajagiri.edu", "reg_no": "MCA2509", "phone": null, "department": 1, "student_image": "", "course": 1, "batch": 1, "year": 1, "faculty": 10, "dob": null, "application_form": "", "assessment_file": ""}}, {"model": "MentorMentee.student", "pk": 10, "fields": {"login": null, "name": "ANANDHU KRISHNA B", "email": "mca2510@rajagiri.edu", "reg_no": "MCA2510", "phone": null, "department": 1, "student_image": "", "course": 1, "batch": 1, "year": 1, "faculty": 6, "dob": null, "application_form": "", "assessment_file": ""}}, {"model": "MentorMentee.student", "pk": 11, "fields": {"login": null, "name": "ANASWARA PRASOBH", "email": "mca2511@rajagiri.edu", "reg_no": "MCA2511", "phone": null, "department": 1, "student_image": "", "course": 1, "batch": 1, "year": 1, "faculty": 9, "dob": null, "application_form": "", "assessment_file": ""}}, {"model": "MentorMentee.student", "pk": 12, "fields": {"login": null, "name": "ANN JO MATHEW", "email": "mca2512@rajagiri.edu", "reg_no": "MCA2512", "phone": null, "department": 1, "student_image": "", "course": 1, "batch": 1, "year": 1, "faculty": 5, "dob": null, "application_form": "", "assessment_file": ""}}, {"model": "MentorMentee.student", "pk": 13, "fields": {"login": null, "name": "ANN TREESA JIJO", "email": "mca2513@rajagiri.edu", "reg_no": "MCA2513", "phone": null, "department": 1, "student_image": "", "course": 1, "batch": 1, "year": 1, "faculty": 5, "dob": null, "application_form": "", "assessment_file": ""}}, {"model": "MentorMentee.student", "pk": 14, "fields": {"login": null, "name": "ANTONY JOE", "email": "mca2514@rajagiri.edu", "reg_no": "MCA2514", "phone": null, "department": 1, "student_image": "", "course": 1, "batch": 1, "year": 1, "faculty": 9, "dob": null, "application_form": "", "assessment_file": ""}}, {"model": "MentorMentee.student", "pk": 15, "fields": {"login": null, "name": "ANWIN JOJO", "email": "mca2515@rajagiri.edu", "reg_no": "MCA2515", "phone": null, "department": 1, "student_image": "", "course": 1, "batch": 1, "year": 1, "faculty": 4, "dob": null, "application_form": "", "assessment_file": ""}}, {"model": "MentorMentee.student", "pk": 16, "fields": {"login": null, "name": "ASHBI SAJU", "email": "mca2516@rajagiri.edu", "reg_no": "MCA2516", "phone": null, "department": 1, "student_image": "", "course": 1, "batch": 1, "year": 1, "faculty": 8, "dob": null, "application_form": "", "assessment_file": ""}}, {"model": "MentorMentee.student", "pk": 17, "fields": {"login": null, "name": "ATHIRA BINU", "email": "mca2517@rajagiri.edu", "reg_no": "MCA2517", "phone": null, "department": 1, "student_image": "", "course": 1, "batch": 1, "year": 1, "faculty": 4, "dob": null, "application_form": "", "assessment_file": ""}}, {"model": "MentorMentee.student", "pk": 18, "fields": {"login": null, "name": "BHADRA", "email": "mca2518@rajagiri.edu", "reg_no": "MCA2518", "phone": null, "department": 1, "student_image": "", "course": 1, "batch": 1, "year": 1, "faculty": 10, "dob": null, "application_form": "", "assessment_file": ""}}, {"model": "MentorMentee.student", "pk": 19, "fields": {"login": null, "name": "CHARLES SHAJU", "email": "mca2519@rajagiri.edu", "reg_no": "MCA2519", "phone": null, "department": 1, "student_image": "", "course": 1, "batch": 1, "year": 1, "faculty": 3, "dob": null, "application_form": "", "assessment_file": ""}}, {"model": "MentorMentee.student", "pk": 20, "fields": {"login": null, "name": "DAYA MATHEW", "email": "mca2520@rajagiri.edu", "reg_no": "MCA2520", "phone": null, "department": 1, "student_image": "", "course": 1, "batch": 1, "year": 1, "faculty": 10, "dob": null, "application_form": "", "assessment_file": ""}}, {"model": "MentorMentee.student", "pk": 21, "fields": {"login": null, "name": "DEVIKA B MENON", "email": "mca2521@rajagiri.edu", "reg_no": "MCA2521", "phone": null, "department": 1, "student_image": "", "course": 1, "batch": 1, "year": 1, "faculty": 4, "dob": null, "application_form": "", "assessment_file": ""}}, {"model": "MentorMentee.student", "pk": 22, "fields": {"login": null, "name": "DEVNA J", "email": "mca2522@rajagiri.edu", "reg_no": "MCA2522", "phone": null, "department": 1, "student_image": "", "course": 1, "batch": 1, "year": 1, "faculty": 3, "dob": null, "application_form": "", "assessment_file": ""}}, {"model": "MentorMentee.student", "pk": 23, "fields": {"login": null, "name": "DION SIJI KURIAKOSE", "email": "mca2523@rajagiri.edu", "reg_no": "MCA2523", "phone": null, "department": 1, "student_image": "", "course": 1, "batch": 1, "year": 1, "faculty": 5, "dob": null, "application_form": "", "assessment_file": ""}}, {"model": "MentorMentee.student", "pk": 24, "fields": {"login": null, "name": "DIYA MARY GEORGE", "email": "mca2524@rajagiri.edu", "reg_no": "MCA2524", "phone": null, "department": 1, "student_image": "", "course": 1, "batch": 1, "year": 1, "faculty": 3, "dob": null, "application_form": "", "assessment_file": ""}}, {"model": "MentorMentee.student", "pk": 25, "fields": {"login": null, "name": "EBIN LOUIS", "email": "mca2525@rajagiri.edu", "reg_no": "MCA2525", "phone": null, "department": 1, "student_image": "", "course": 1, "batch": 1, "year": 1, "faculty": 8, "dob": null, "application_form": "", "assessment_file": ""}}, {"model": "MentorMentee.student", "pk": 26, "fields": {"login": null, "name": "FARSAN SUNEER", "email": "mca2526@rajagiri.edu", "reg_no": "MCA2526", "phone": null, "department": 1, "student_image": "", "course": 1, "batch": 1, "year": 1, "faculty": 3, "dob": null, "application_form": "", "assessment_file": ""}}, {"model": "MentorMentee.student", "pk": 27, "fields": {"login": null, "name": "FEBIN SUNNY", "email": "mca2527@rajagiri.edu", "reg_no": "MCA2527", "phone": null, "department": 1, "student_image": "", "course": 1, "batch": 1, "year": 1, "faculty": 2, "dob": null, "application_form": "", "assessment_file": ""}}, {"model": "MentorMentee.student", "pk": 28, "fields": {"login": null, "name": "FERCINENT THOMAS", "email": "mca2528@rajagiri.edu", "reg_no": "MCA2528", "phone": null, "department": 1, "student_image": "", "course": 1, "batch": 1, "year": 1, "faculty": 1, "dob": null, "application_form": "", "assessment_file": ""}}, {"model": "MentorMentee.student", "pk": 29, "fields": {"login": null, "name": "GEETHIKA A", "email": "mca2529@rajagiri.edu", "reg_no": "MCA2529", "phone": null, "department": 1, "student_image": "", "course": 1, "batch": 1, "year": 1, "faculty": 7, "dob": null, "application_form": "", "assessment_file": ""}}, {"model": "MentorMentee.student", "pk": 30, "fields": {"login": null, "name": "HAFIZ MUHAMMED P H", "email": "mca2530@rajagiri.edu", "reg_no": "MCA2530", "phone": null, "department": 1, "student_image": "", "course": 1, "batch": 1, "year": 1, "faculty": 11, "dob": null, "application_form": "", "assessment_file": ""}}, {"model": "MentorMentee.student", "pk": 31, "fields": {"login": null, "name": "JASIN JOJI", "email": "mca2531@rajagiri.edu", "reg_no": "MCA2531", "phone": null, "department": 1, "student_image": "", "course": 1, "batch": 1, "year": 1, "faculty": 1, "dob": null, "application_form": "", "assessment_file": ""}}, {"model": "MentorMentee.student", "pk": 32, "fields": {"login": null, "name": "JEES THOMAS CLEETUS", "email": "mca2532@rajagiri.edu", "reg_no": "MCA2532", "phone": null, "department": 1, "student_image": "", "course": 1, "batch": 1, "year": 1, "faculty": 6, "dob": null, "application_form": "", "assessment_file": ""}}, {"model": "MentorMentee.student", "pk": 33, "fields": {"login": null, "name": "JIYO P V", "email": "mca2533@rajagiri.edu", "reg_no": "MCA2533", "phone": null, "department": 1, "student_image": "", "course": 1, "batch": 1, "year": 1, "faculty": 11, "dob": null, "application_form": "", "assessment_file": ""}}, {"model": "MentorMentee.student", "pk": 34, "fields": {"login": null, "name": "JOSEPH PAUL", "email": "mca2534@rajagiri.edu", "reg_no": "MCA2534", "phone": null, "department": 1, "student_image": "", "course": 1, "batch": 1, "year": 1, "faculty": 8, "dob": null, "application_form": "", "assessment_file": ""}}, {"model": "MentorMentee.student", "pk": 35, "fields": {"login": null, "name": "JUBIN JOY", "email": "mca2535@rajagiri.edu", "reg_no": "MCA2535", "phone": null, "department": 1, "student_image": "", "course": 1, "batch": 1, "year": 1, "faculty": 12, "dob": null, "application_form": "", "assessment_file": ""}}, {"model": "MentorMentee.student", "pk": 36, "fields": {"login": null, "name": "K JOSHUA JOEL", "email": "mca2536@rajagiri.edu", "reg_no": "MCA2536", "phone": null, "department": 1, "student_image": "", "course": 1, "batch": 1, "year": 1, "faculty": 5, "dob": null, "application_form": "", "assessment_file": ""}}, {"model": "MentorMentee.student", "pk": 37, "fields": {"login": null, "name": "KARTHIK KRISHNAN", "email": "mca2537@rajagiri.edu", "reg_no": "MCA2537", "phone": null, "department": 1, "student_image": "", "course": 1, "batch": 1, "year": 1, "faculty": 9, "dob": null, "application_form": "", "assessment_file": ""}}, {"model": "MentorMentee.student", "pk": 38, "fields": {"login": null, "name": "KISHORE M", "email": "mca2538@rajagiri.edu", "reg_no": "MCA2538", "phone": null, "department": 1, "student_image": "", "course": 1, "batch": 1, "year": 1, "faculty": 11, "dob": null, "application_form": "", "assessment_file": ""}}, {"model": "MentorMentee.student", "pk": 39, "fields": {"login": null, "name": "LENA MATHEW", "email": "mca2539@rajagiri.edu", "reg_no": "MCA2539", "phone": null, "department": 1, "student_image": "", "course": 1, "batch": 1, "year": 1, "faculty": 8, "dob": null, "application_form": "", "assessment_file": ""}}, {"model": "MentorMentee.student", "pk": 40, "fields": {"login": null, "name": "M S VISMAYA", "email": "mca2540@rajagiri.edu", "reg_no": "MCA2540", "phone": null, "department": 1, "student_image": "", "course": 1, "batch": 1, "year": 1, "faculty": 9, "dob": null, "application_form": "", "assessment_file": ""}}, {"model": "MentorMentee.student", "pk": 41, "fields": {"login": null, "name": "MAHADEVAN NAIR M P", "email": "mca2541@rajagiri.edu", "reg_no": "MCA2541", "phone": null, "department": 1, "student_image": "", "course": 1, "batch": 1, "year": 1, "faculty": 1, "dob": null, "application_form": "", "assessment_file": ""}}, {"model": "MentorMentee.student", "pk": 42, "fields": {"login": null, "name": "MARIA JOSE", "email": "mca2542@rajagiri.edu", "reg_no": "MCA2542", "phone": null, "department": 1, "student_image": "", "course": 1, "batch": 1, "year": 1, "faculty": 12, "dob": null, "application_form": "", "assessment_file": ""}}, {"model": "MentorMentee.student", "pk": 43, "fields": {"login": null, "name": "MEENADEVI RAVIKUMAR", "email": "mca2543@rajagiri.edu", "reg_no": "MCA2543", "phone": null, "department": 1, "student_image": "", "course": 1, "batch": 1, "year": 1, "faculty": 3, "dob": null, "application_form": "", "assessment_file": ""}}, {"model": "MentorMentee.student", "pk": 44, "fields": {"login": null, "name": "MERLIN XAVIER", "email": "mca2544@rajagiri.edu", "reg_no": "MCA2544", "phone": null, "department": 1, "student_image": "", "course": 1, "batch": 1, "year": 1, "faculty": 12, "dob": null, "application_form": "", "assessment_file": ""}}, {"model": "MentorMentee.student", "pk": 45, "fields": {"login": null, "name": "NANDHANA C S", "email": "mca2545@rajagiri.edu", "reg_no": "MCA2545", "phone": null, "department": 1, "student_image": "", "course": 1, "batch": 1, "year": 1, "faculty": 7, "dob": null, "application_form": "", "assessment_file": ""}}, {"model": "MentorMentee.student", "pk": 46, "fields": {"login": null, "name": "NOVELIA JOSEPH", "email": "mca2546@rajagiri.edu", "reg_no": "MCA2546", "phone": null, "department": 1, "student_image": "", "course": 1, "batch": 1, "year": 1, "faculty": 4, "dob": null, "application_form": "", "assessment_file": ""}}, {"model": "MentorMentee.student", "pk": 47, "fields": {"login": null, "name": "POOJA NAIR", "email": "mca254@rajagiri.edu", "reg_no": "MCA2547", "phone": null, "department": 1, "student_image": "", "course": 1, "batch": 1, "year": 1, "faculty": 5, "dob": null, "application_form": "", "assessment_file": ""}}, {"model": "MentorMentee.student", "pk": 48, "fields": {"login": null, "name": "RENA ELZA VIJU", "email": "mca2547@rajagiri.edu", "reg_no": "MCA2548", "phone": null, "department": 1, "student_image": "", "course": 1, "batch": 1, "year": 1, "faculty": 12, "dob": null, "application_form": "", "assessment_file": ""}}, {"model": "MentorMentee.student", "pk": 49, "fields": {"login": null, "name": "ROBERT JOY", "email": "mca2549@rajagiri.edu", "reg_no": "MCA2549", "phone": null, "department": 1, "student_image": "", "course": 1, "batch": 1, "year": 1, "faculty": 10, "dob": null, "application_form": "", "assessment_file": ""}}, {"model": "MentorMentee.student", "pk": 50, "fields": {"login": null, "name": "ROSHA THANKACHAN", "email": "mca2550@rajagiri.edu", "reg_no": "MCA2550", "phone": null, "department": 1, "student_image": "", "course": 1, "batch": 1, "year": 1, "faculty": 6, "dob": null, "application_form": "", "assessment_file": ""}}, {"model": "MentorMentee.student", "pk": 51, "fields": {"login": null, "name": "SAM JOSEPH", "email": "mca2551@rajagiri.edu", "reg_no": "MCA2551", "phone": null, "department": 1, "student_image": "", "course": 1, "batch": 1, "year": 1, "faculty": 10, "dob": null, "application_form": "", "assessment_file": ""}}, {"model": "MentorMentee.student", "pk": 52, "fields": {"login": null, "name": "SANDRA B", "email": "mca2552@rajagiri.edu", "reg_no": "MCA2552", "phone": null, "department": 1, "student_image": "", "course": 1, "batch": 1, "year": 1, "faculty": 6, "dob": null, "application_form": "", "assessment_file": ""}}, {"model": "MentorMentee.student", "pk": 53, "fields": {"login": null, "name": "SHARVIN VINCENT", "email": "mca2553@rajagiri.edu", "reg_no": "MCA2553", "phone": null, "department": 1, "student_image": "", "course": 1, "batch": 1, "year": 1, "faculty": 2, "dob": null, "application_form": "", "assessment_file": ""}}, {"model": "MentorMentee.student", "pk": 54, "fields": {"login": null, "name": "SHYAM JAMES", "email": "mca2554@rajagiri.edu", "reg_no": "MCA2554", "phone": null, "department": 1, "student_image": "", "course": 1, "batch": 1, "year": 1, "faculty": 6, "dob": null, "application_form": "", "assessment_file": ""}}, {"model": "MentorMentee.student", "pk": 55, "fields": {"login": null, "name": "SIDDHARTH M V", "email": "mca2555@rajagiri.edu", "reg_no": "MCA2555", "phone": null, "department": 1, "student_image": "", "course": 1, "batch": 1, "year": 1, "faculty": 1, "dob": null, "application_form": "", "assessment_file": ""}}, {"model": "MentorMentee.student", "pk": 56, "fields": {"login": null, "name": "SREERAJ SREEKUMAR", "email": "mca2556@rajagiri.edu", "reg_no": "MCA2556", "phone": null, "department": 1, "student_image": "", "course": 1, "batch": 1, "year": 1, "faculty": 2, "dob": null, "application_form": "", "assessment_file": ""}}, {"model": "MentorMentee.student", "pk": 57, "fields": {"login": null, "name": "TOM GEO", "email": "mca2557@rajagiri.edu", "reg_no": "MCA2557", "phone": null, "department": 1, "student_image": "", "course": 1, "batch": 1, "year": 1, "faculty": 8, "dob": null, "application_form": "", "assessment_file": ""}}, {"model": "MentorMentee.student", "pk": 58, "fields": {"login": null, "name": "TREESA JOSE", "email": "mca2558@rajagiri.edu", "reg_no": "MCA2558", "phone": null, "department": 1, "student_image": "", "course": 1, "batch": 1, "year": 1, "faculty": 11, "dob": null, "application_form": "", "assessment_file": ""}}, {"model": "MentorMentee.student", "pk": 59, "fields": {"login": null, "name": "VISWAS B KURIAN", "email": "mca2559@rajagiri.edu", "reg_no": "MCA2559", "phone": null, "department": 1, "student_image": "", "course": 1, "batch": 1, "year": 1, "faculty": 4, "dob": null, "application_form": "", "assessment_file": ""}}, {"model": "MentorMentee.student", "pk": 60, "fields": {"login": null, "name": "YAHWIN LUKOSE", "email": "mca2560@rajagiri.edu", "reg_no": "MCA2560", "phone": null, "department": 1, "student_image": "", "course": 1, "batch": 1, "year": 1, "faculty": 7, "dob": null, "application_form": "", "assessment_file": ""}}, {"model": "MentorMentee.student", "pk": 63, "fields": {"login": 21, "name": "Ashbi", "email": "mca2516@rajagiri.edu", "reg_no": "MCA2616", "phone": "9374639384", "department": 1, "student_image": "ashbiii2_xJtTqE3.jpg", "course": 1, "batch": 1, "year": 1, "faculty": null, "dob": "2004-04-14", "application_form": "Rajagiri_admission_application_rKfZuC7.pdf", "assessment_file": ""}}, {"model": "MentorMentee.student", "pk": 64, "fields": {"login": 22, "name": "samplename", "email": "mca2600@rajagiri.edu", "reg_no": "mca2600", "phone": "1234567890", "department": 1, "student_image": "IMG_20251215_220443.jpg", "course": 1, "batch": 3, "year": 1, "faculty": null, "dob": "2004-12-14", "application_form": "application_forms/38_Kishore_M.pdf", "assessment_file": ""}}, {"model": "MentorMentee.student", "pk": 65, "fields": {"login": null, "name": "Jose", "email": "mca2565@rajagiri.edu", "reg_no": "mca2570", "phone": "6958763219", "department": 1, "student_image": "WhatsApp Image 2025-12-11 at 12_d03K58P.57.31_1989e37c.jpg", "course": 1, "batch": 1, "year": 1, "faculty": null, "dob": "2004-07-07", "application_form": "", "assessment_file": ""}}, {"model": "MentorMentee.student", "pk": 66, "fields": {"login": 23, "name": "Keerikkadan", "email": "mca2571@rajagiri.edu", "reg_no": "mca2571", "phone": "6958763219", "department": 1, "student_image": "cat.jpg", "course": 1, "batch": 3, "year": 1, "faculty": null, "dob": "2004-12-17", "application_form": "", "assessment_file": ""}}, {"model": "MentorMentee.mentoringsession", "pk": 1, "fields": {"student": 31, "faculty": 1, "date": "2025-12-16", "title": "abcd", "academic_details": "abcd", "demography": "abcd", "personal": null, "emotional_details": null, "other_details": null, "followup_actions": null}}, {"model": "MentorMentee.schedule", "pk": 1, "fields": {"batch": 1, "created_by": 1, "start_date": "2025-12-01", "end_date": "2025-12-05", "status": "incomplete", "created_at": "2025-11-29"}}, {"model": "MentorMentee.schedule", "pk": 2, "fields": {"batch": 2, "created_by": 1, "start_date": "2025-12-15", "end_date": "2025-12-19", "status": "active", "created_at": "2025-12-10"}}, {"model": "MentorMentee.schedule", "pk": 3, "fields": {"batch": 1, "created_by": 1, "start_date": "2025-12-10", "end_date": "2025-12-10", "status": "incomplete", "created_at": "2025-12-10"}}, {"model": "MentorMentee.schedule", "pk": 4, "fields": {"batch": 1, "created_by": 1, "start_date": "2025-12-11", "end_date": "2025-12-13", "status": "active", "created_at": "2025-12-11"}}, {"model": "MentorMentee.schedule", "pk": 5, "fields": {"batch": 1, "created_by": 1, "start_date": "2025-12-11", "end_date": "2025-12-13", "status": "active", "created_at": "2025-12-11"}}, {"model": "MentorMentee.schedule", "pk": 6, "fields": {"batch": 1, "created_by": 1, "start_date": "2025-12-21", "end_date": "2025-12-22", "status": "active", "created_at": "2025-12-16"}}, {"model": "MentorMentee.sessionrequest", "pk": 1, "fields": {"student": 63, "faculty": 8, "request_date": "2025-12-11", "status": "Pending", "session_date": null, "session_time": null, "comments": "Please...."}}, {"model": "MentorMentee.sessionrequest", "pk": 2, "fields": {"student": 63, "faculty": 8, "request_date": "2025-12-17", "status": "Pending", "session_date": null, "session_time": null, "comments": "request"}}, {"model": "MentorMentee.studentuploads", "pk": 1, "fields": {"student": 62, "file_name": "Sample File", "upload_file": "student_uploads/Screenshot 2025-12-08 212534.png", "description": "Screenshot Image"}}, {"model": "MentorMentee.studentuploads", "pk": 2, "fields": {"student": 62, "file_name": "Sample2", "upload_file": "student_uploads/AI-Based_Smart_Traffic_Control_System_Abstract.pdf", "description": "Sample file"}}, {"model": "MentorMentee.studentuploads", "pk": 3, "fields": {"student": 63, "file_name": "Marklist", "upload_file": "student_uploads/Marklists.pdf", "description": ""}}, {"model": "MentorMentee.studentuploads", "pk": 4, "fields": {"student": 63, "file_name": "Marklist 2", "upload_file": "student_uploads/Marklist.pdf", "description": ""}}, {"model": "MentorMentee.studentuploads", "pk": 5, "fields": {"student": 63, "file_name": "new", "upload_file": "student_uploads/Qns._on_A__Algorithm_1.pdf", "description": ""}}, {"model": "MentorMentee.assignment", "pk": 1, "fields": {"student": 1, "faculty": 2, "status": "pending"}}, {"model": "MentorMentee.assignment", "pk": 2, "fields": {"student": 4, "faculty": 2, "status": "pending"}}, {"model": "MentorMentee.assignment", "pk": 3, "fields": {"student": 27, "faculty": 2, "status": "pending"}}, {"model": "MentorMentee.assignment", "pk": 4, "fields": {"student": 56, "faculty": 2, "status": "pending"}}, {"model": "MentorMentee.assignment", "pk": 5, "fields": {"student": 53, "faculty": 2, "status": "pending"}}, {"model": "MentorMentee.assignment", "pk": 6, "fields": {"student": 63, "faculty": 2, "status": "pending"}}, {"model": "MentorMentee.assignment", "pk": 7, "fields": {"student": 66, "faculty": 5, "status": "pending"}}]
